fixed acidity,volatile acidity,citric acid,residual sugar,chlorides,free sulfur dioxide,total sulfur dioxide,density,pH,sulphates,alcohol
8.0,0.19,0.3,2.0,0.053,48.0,140.0,0.9940000000000001,3.18,0.49,9.6
6.4,0.595,0.14,5.2,0.057999999999999996,15.0,97.0,0.9951,3.38,0.36,9.0
7.6,0.23,0.34,1.6,0.043,24.0,129.0,0.99305,3.12,0.7,10.4
5.8,0.315,0.19,19.4,0.031,28.0,106.0,0.9970399999999999,2.97,0.4,10.55
6.1,0.25,0.3,1.2,0.036000000000000004,42.0,107.0,0.991,3.34,0.56,10.8
6.2,0.27,0.43,7.8,0.055999999999999994,48.0,244.0,0.9956,3.1,0.51,9.0
6.7,0.48,0.32,1.4,0.021,22.0,121.0,0.9889,3.15,0.53,12.7
6.3,0.41,0.3,3.2,0.03,49.0,164.0,0.9927,3.53,0.79,11.7
6.6,0.26,0.27,11.8,0.048,28.0,112.0,0.9960600000000001,2.87,0.49,9.7
10.3,0.25,0.48,2.2,0.042,28.0,164.0,0.998,3.19,0.59,9.7
6.5,0.39,0.35,1.6,0.049,10.0,164.0,0.99516,3.35,0.51,9.7
7.3,0.21,0.29,1.6,0.034,29.0,118.0,0.9917,3.3,0.5,11.0
7.9,0.26,0.41,15.15,0.04,38.0,216.0,0.9976,2.96,0.6,10.0
6.7,0.46,0.21,4.0,0.034,12.0,88.0,0.99016,3.26,0.54,13.0
5.9,0.54,0.0,0.8,0.032,12.0,82.0,0.9928600000000001,3.25,0.36,8.8
6.8,0.22,0.26,1.2,0.040999999999999995,29.0,182.0,0.9910399999999999,3.04,0.35,11.2
6.3,0.28,0.3,6.6,0.20800000000000002,60.0,154.0,0.9947799999999999,3.1,0.4,9.4
6.7,0.16,0.32,12.5,0.035,18.0,156.0,0.99666,2.88,0.36,9.0
7.4,0.16,0.3,1.4,0.064,34.0,166.0,0.99136,3.11,0.42,11.433333333333302
6.6,0.38,0.29,2.9,0.035,15.0,101.0,0.98916,3.04,0.37,12.5
6.4,0.25,0.32,11.3,0.038,69.0,192.0,0.9957299999999999,3.14,0.5,10.2
6.2,0.28,0.28,4.3,0.026000000000000002,22.0,105.0,0.9890000000000001,2.98,0.64,13.1
7.5,0.38,0.33,9.2,0.043,19.0,116.0,0.99444,3.08,0.42,11.4
5.2,0.44,0.04,1.4,0.036000000000000004,43.0,119.0,0.9894,3.36,0.33,12.1
7.0,0.12,0.19,4.9,0.055,27.0,127.0,0.9953,3.29,0.41,9.4
7.3,0.23,0.41,14.6,0.048,73.0,223.0,0.9986299999999999,3.16,0.71,9.4
6.8,0.51,0.3,4.2,0.066,38.0,165.0,0.9945,3.2,0.42,9.1
7.6,0.13,0.34,9.3,0.062,40.0,126.0,0.9966,3.21,0.39,9.6
5.4,0.415,0.19,1.6,0.039,27.0,88.0,0.99265,3.54,0.41,10.0
7.7,0.16,0.41,1.7,0.048,60.0,173.0,0.9932,3.24,0.66,11.2
5.1,0.33,0.22,1.6,0.027000000000000003,18.0,89.0,0.9893,3.51,0.38,12.5
6.4,0.17,0.34,1.5,0.09300000000000001,43.0,136.0,0.9938,3.25,0.49,9.6
5.9,0.26,0.21,12.5,0.034,36.0,152.0,0.9972,3.28,0.43,9.5
6.4,0.22,0.32,7.9,0.028999999999999998,34.0,124.0,0.9948,3.4,0.39,10.2
7.0,0.32,0.35,1.5,0.039,24.0,125.0,0.9918,3.17,0.64,12.2
6.6,0.16,0.25,9.8,0.049,59.5,137.0,0.995,3.16,0.38,10.0
8.4,0.35,0.71,12.2,0.046,22.0,160.0,0.9982,2.98,0.65,9.4
5.4,0.22,0.35,6.5,0.028999999999999998,26.0,87.0,0.99092,3.29,0.44,12.5
6.4,0.32,0.23,16.2,0.055,36.0,176.0,0.9986,3.26,0.54,9.1
6.0,0.26,0.15,1.2,0.053,35.0,124.0,0.9934700000000001,3.08,0.46,8.8
6.9,0.38,0.29,13.65,0.048,52.0,189.0,0.99784,3.0,0.6,9.5
6.0,0.2,0.26,1.1,0.033,38.0,67.0,0.98954,3.14,0.38,11.5
7.0,0.2,0.49,5.9,0.038,39.0,128.0,0.9938,3.21,0.48,10.8
7.1,0.18,0.74,15.6,0.044000000000000004,44.0,176.0,0.9996,3.38,0.67,9.0
7.9,0.27,0.27,1.7,0.034,25.0,122.0,0.9908799999999999,2.97,0.51,11.9
6.2,0.29,0.32,3.6,0.026000000000000002,39.0,138.0,0.9892,3.31,0.37,13.1
5.8,0.19,0.25,10.8,0.042,33.0,124.0,0.99646,3.22,0.41,9.2
5.9,0.2,0.23,1.5,0.037000000000000005,38.0,93.0,0.99021,3.36,0.49,12.0
7.1,0.32,0.32,11.0,0.038,16.0,66.0,0.9937,3.24,0.4,11.5
7.1,0.32,0.24,13.1,0.05,52.0,204.0,0.998,3.1,0.49,8.8
7.5,0.25,0.47,4.1,0.040999999999999995,95.0,163.0,0.9918399999999999,2.92,0.59,11.3
6.8,0.45,0.3,11.8,0.094,23.0,97.0,0.997,3.09,0.44,9.6
5.8,0.4,0.42,4.4,0.047,38.5,245.0,0.9937,3.25,0.57,9.6
7.6,0.23,0.64,12.9,0.033,54.0,170.0,0.998,3.0,0.53,8.8
7.5,0.27,0.36,7.0,0.036000000000000004,45.0,164.0,0.9939,3.03,0.33,11.0
8.2,0.28,0.42,1.8,0.031,30.0,93.0,0.9917,3.09,0.39,11.4
7.0,0.21,0.28,7.5,0.07,45.0,185.0,0.9966,3.34,0.55,9.4
7.6,0.48,0.37,1.2,0.034,5.0,57.0,0.99256,3.05,0.54,10.4
5.9,0.33,0.32,8.1,0.038,9.0,34.0,0.9911,3.22,0.36,12.7
6.5,0.21,0.28,1.4,0.046,26.0,66.0,0.9919899999999999,3.43,0.48,11.1
5.9,0.37,0.32,1.6,0.028999999999999998,41.0,102.0,0.98916,3.41,0.55,12.7
7.1,0.37,0.67,10.5,0.045,49.0,155.0,0.9975,3.16,0.44,8.7
7.3,0.28,0.42,1.2,0.033,29.0,142.0,0.99205,3.17,0.43,10.7
7.0,0.12,0.32,7.2,0.057999999999999996,22.0,89.0,0.9966,3.29,0.38,9.2
6.8,0.24,0.37,7.45,0.043,59.0,188.0,0.99579,3.2,0.5,9.4
7.5,0.24,0.31,13.1,0.05,26.0,180.0,0.99884,3.05,0.53,9.1
7.1,0.14,0.33,1.0,0.10400000000000001,20.0,54.0,0.9905700000000001,3.19,0.64,11.5
7.8,0.3,0.29,16.85,0.054000000000000006,23.0,135.0,0.9998,3.16,0.38,9.0
6.0,0.1,0.24,1.1,0.040999999999999995,15.0,65.0,0.9927,3.61,0.61,10.3
6.3,0.29,0.29,3.3,0.037000000000000005,32.0,140.0,0.9895,3.17,0.36,12.8
6.6,0.37,0.24,2.0,0.064,23.0,120.0,0.9946,3.32,0.54,9.4
7.3,0.18,0.29,1.2,0.044000000000000004,12.0,143.0,0.9918,3.2,0.48,11.3
7.0,0.16,0.3,2.6,0.043,34.0,90.0,0.9904700000000001,2.88,0.47,11.2
7.7,0.28,0.35,15.3,0.055999999999999994,31.0,117.0,0.9998,3.27,0.5,9.6
5.9,0.37,0.3,1.5,0.033,35.0,95.0,0.9898600000000001,3.36,0.56,12.0
7.2,0.31,0.5,13.3,0.055999999999999994,68.0,195.0,0.9982,3.01,0.47,9.2
6.7,0.2,0.37,1.65,0.025,42.0,103.0,0.9902200000000001,3.11,0.45,11.4
6.6,0.23,0.29,14.45,0.057,29.0,144.0,0.99756,3.33,0.54,10.2
5.7,0.12,0.26,5.5,0.034,21.0,99.0,0.99324,3.09,0.57,9.9
8.5,0.17,0.49,8.8,0.048,23.0,108.0,0.9947,2.88,0.34,10.5
7.3,0.3,0.25,2.5,0.045,32.0,122.0,0.99329,3.18,0.54,10.3
6.0,0.3,0.33,2.1,0.042,31.0,127.0,0.98964,3.32,0.42,12.5
6.8,0.41,0.3,8.8,0.045,28.0,131.0,0.9953,3.12,0.59,9.9
5.6,0.185,0.49,1.1,0.03,28.0,117.0,0.9918,3.55,0.45,10.3
9.2,0.25,0.34,1.2,0.026000000000000002,31.0,93.0,0.9916,2.93,0.37,11.3
6.9,0.2,0.3,4.7,0.040999999999999995,40.0,148.0,0.9932,3.16,0.35,10.2
7.9,0.25,0.29,5.3,0.031,33.0,117.0,0.9918,3.06,0.32,11.8
9.7,0.24,0.49,4.9,0.032,3.0,18.0,0.9936799999999999,2.85,0.54,10.0
7.8,0.15,0.24,7.7,0.047,21.0,98.0,0.9951,2.94,0.31,9.6
6.4,0.17,0.3,2.8,0.034,33.0,125.0,0.9915200000000001,3.03,0.49,10.4
6.4,0.26,0.4,1.7,0.179,5.0,60.0,0.9925,3.09,0.54,10.1
6.3,0.19,0.33,10.1,0.063,63.0,133.0,0.99561,2.86,0.41,9.1
6.1,0.38,0.2,6.6,0.033,25.0,137.0,0.9938,3.3,0.69,10.4
6.3,0.14,0.39,1.2,0.044000000000000004,26.0,116.0,0.992,3.26,0.53,10.3
7.5,0.24,0.31,13.1,0.05,26.0,180.0,0.99884,3.05,0.53,9.1
6.0,0.24,0.28,3.95,0.038,61.0,134.0,0.99146,3.3,0.54,11.3
6.5,0.36,0.38,10.2,0.027999999999999997,20.0,82.0,0.99274,3.1,0.43,12.1
7.5,0.19,0.4,7.1,0.055999999999999994,50.0,110.0,0.9954,3.06,0.52,9.9
6.7,0.23,0.33,8.1,0.048,45.0,176.0,0.99472,3.11,0.52,10.1
9.2,0.71,0.23,6.2,0.042,15.0,93.0,0.9948,2.89,0.34,10.1
6.5,0.18,0.34,1.6,0.04,43.0,148.0,0.9912,3.32,0.59,11.5
7.5,0.42,0.19,6.9,0.040999999999999995,62.0,150.0,0.99508,3.23,0.37,10.0
6.4,0.39,0.21,1.2,0.040999999999999995,35.0,136.0,0.99225,3.15,0.46,10.2
5.5,0.12,0.33,1.0,0.038,23.0,131.0,0.99164,3.25,0.45,9.8
7.0,0.23,0.26,7.2,0.040999999999999995,21.0,90.0,0.9950899999999999,3.22,0.55,9.5
6.2,0.36,0.27,3.2,0.032,13.0,73.0,0.9894200000000001,2.9,0.69,12.6
7.4,0.41,0.34,4.7,0.042,19.0,127.0,0.9953,3.25,0.42,10.4
6.3,0.27,0.49,1.2,0.063,35.0,92.0,0.9911,3.38,0.42,12.2
6.5,0.33,0.38,2.5,0.047,30.0,148.0,0.98964,3.17,0.43,12.7
6.1,0.24,0.27,9.8,0.062,33.0,152.0,0.9966,3.31,0.47,9.5
8.1,0.28,0.39,1.9,0.028999999999999998,18.0,79.0,0.9923,3.23,0.52,11.8
5.8,0.35,0.29,3.2,0.034,41.0,151.0,0.9912,3.35,0.58,11.6333333333333
7.2,0.4,0.24,8.5,0.055,45.0,151.0,0.99626,3.2,0.52,9.2
6.8,0.21,0.36,18.1,0.046,32.0,133.0,1.0,3.27,0.48,8.8
6.1,0.28,0.23,4.2,0.038,13.0,95.0,0.98898,2.97,0.7,13.1
6.7,0.16,0.28,2.5,0.046,40.0,153.0,0.9921,3.38,0.51,11.4
6.2,0.36,0.26,13.2,0.051,54.0,201.0,0.9976,3.25,0.46,9.0
7.8,0.32,0.33,10.4,0.031,47.0,194.0,0.99692,3.07,0.58,9.6
6.1,0.22,0.38,2.8,0.14400000000000002,12.0,65.0,0.9908,2.95,0.64,11.4
7.1,0.37,0.3,6.2,0.04,49.0,139.0,0.99021,3.17,0.27,13.6
6.1,0.46,0.32,6.2,0.053,10.0,94.0,0.9953700000000001,3.35,0.47,10.1
6.5,0.23,0.36,16.3,0.038,43.0,133.0,0.99924,3.26,0.41,8.8
7.3,0.42,0.38,6.8,0.045,29.0,122.0,0.9925,3.19,0.37,12.6
7.1,0.23,0.39,13.7,0.057999999999999996,26.0,172.0,0.99755,2.9,0.46,9.0
6.0,0.36,0.06,1.4,0.066,27.0,128.0,0.9934,3.26,0.55,9.3
8.4,0.31,0.31,0.95,0.021,52.0,148.0,0.9903799999999999,2.93,0.32,11.5
7.8,0.26,0.44,1.3,0.037000000000000005,43.0,132.0,0.9944,3.18,0.65,10.0
5.7,0.25,0.26,12.5,0.049,52.5,106.0,0.9969100000000001,3.08,0.45,9.4
6.2,0.31,0.23,3.3,0.052000000000000005,34.0,113.0,0.99429,3.16,0.48,8.4
7.0,0.36,0.25,5.7,0.015,14.0,73.0,0.9896299999999999,2.82,0.59,13.2
6.6,0.39,0.39,11.9,0.057,51.0,221.0,0.99851,3.26,0.51,8.9
7.4,0.18,0.36,13.1,0.055999999999999994,72.0,163.0,1.0,3.42,0.35,9.1
6.4,0.17,0.27,6.7,0.036000000000000004,88.0,223.0,0.9948,3.28,0.35,10.2
6.2,0.44,0.18,7.7,0.096,28.0,210.0,0.99771,3.56,0.72,9.2
7.6,0.31,0.49,13.4,0.062,50.0,191.0,0.9989,3.22,0.53,9.0
8.6,0.23,0.25,11.3,0.031,13.0,96.0,0.99645,3.11,0.4,10.8
7.4,0.38,0.34,8.3,0.052000000000000005,44.0,168.0,0.9962700000000001,3.11,0.52,9.2
6.1,0.44,0.28,4.25,0.032,43.0,132.0,0.9916,3.26,0.47,11.3
7.0,0.36,0.35,2.5,0.048,67.0,161.0,0.99146,3.05,0.56,11.1
6.0,0.59,0.0,0.8,0.037000000000000005,30.0,95.0,0.9903200000000001,3.1,0.4,10.9
7.6,0.18,0.36,2.4,0.049,38.0,123.0,0.996,3.6,0.46,10.3
6.2,0.36,0.32,4.0,0.036000000000000004,44.0,92.0,0.98936,3.2,0.5,13.3
7.4,0.16,0.3,13.7,0.055999999999999994,33.0,168.0,0.99825,2.9,0.44,8.7
6.4,0.25,0.37,4.5,0.039,41.0,147.0,0.9921,3.18,0.4,11.1
5.6,0.39,0.24,4.7,0.034,27.0,77.0,0.9906,3.28,0.36,12.7
8.0,0.25,0.13,17.2,0.036000000000000004,49.0,219.0,0.9996,2.96,0.46,9.7
7.2,0.2,0.61,16.2,0.043,14.0,103.0,0.9987,3.06,0.36,9.2
6.1,0.19,0.37,2.6,0.040999999999999995,24.0,99.0,0.9915299999999999,3.18,0.5,10.9
7.6,0.48,0.31,9.4,0.046,6.0,194.0,0.9971399999999999,3.07,0.61,9.4
8.6,0.17,0.28,2.7,0.047,38.0,150.0,0.99365,3.1,0.56,10.8
7.7,0.275,0.3,1.0,0.039,19.0,75.0,0.992,3.01,0.56,10.7
6.3,0.32,0.32,1.5,0.03,24.0,101.0,0.9892299999999999,3.21,0.42,13.0
6.6,0.26,0.36,1.2,0.035,43.0,126.0,0.9909399999999999,3.01,0.63,11.4
5.1,0.29,0.28,8.3,0.026000000000000002,27.0,107.0,0.99308,3.36,0.37,11.0
7.4,0.25,0.36,13.2,0.067,53.0,178.0,0.9976,3.01,0.48,9.0
5.8,0.23,0.2,2.0,0.043,39.0,154.0,0.99226,3.21,0.39,10.2
7.6,0.2,0.3,14.2,0.055999999999999994,53.0,212.5,0.9990000000000001,3.14,0.46,8.9
6.5,0.26,0.24,10.8,0.042,47.0,130.0,0.996,3.08,0.4,10.1
4.7,0.67,0.09,1.0,0.02,5.0,9.0,0.9872200000000001,3.3,0.34,13.6
6.8,0.27,0.3,13.0,0.047,69.0,160.0,0.99705,3.16,0.5,9.6
5.4,0.24,0.18,2.3,0.05,22.0,145.0,0.9920700000000001,3.24,0.46,10.3
7.4,0.18,0.4,1.6,0.047,22.0,102.0,0.9937,3.28,0.44,10.7
6.2,0.3,0.33,3.5,0.037000000000000005,37.0,155.0,0.98987,3.18,0.37,12.4
7.8,0.445,0.56,1.0,0.04,8.0,84.0,0.9938,3.25,0.43,10.8
8.9,0.33,0.34,1.4,0.055999999999999994,14.0,171.0,0.9946,3.13,0.47,9.7
6.5,0.41,0.24,14.0,0.048,24.0,113.0,0.9982,3.44,0.53,9.8
6.0,0.17,0.49,1.0,0.034,26.0,106.0,0.992,3.21,0.42,9.8
6.6,0.28,0.34,0.8,0.037000000000000005,42.0,119.0,0.9888,3.03,0.37,12.5
7.3,0.23,0.34,9.3,0.052000000000000005,19.0,86.0,0.99574,3.04,0.56,10.0
8.9,0.34,0.34,1.6,0.055999999999999994,13.0,176.0,0.9946,3.14,0.47,9.7
7.0,0.24,0.26,1.7,0.040999999999999995,31.0,110.0,0.9914200000000001,3.2,0.53,11.0
7.5,0.29,0.67,8.1,0.037000000000000005,53.0,166.0,0.9966,2.9,0.41,8.9
6.7,0.27,0.25,8.0,0.053,54.0,202.0,0.9961,3.22,0.43,9.3
7.5,0.23,0.32,9.2,0.038,54.0,191.0,0.9966,3.04,0.56,9.7
6.0,0.28,0.52,5.0,0.078,30.0,139.0,0.9949399999999999,3.1,0.36,9.0
6.6,0.23,0.24,3.9,0.045,36.0,138.0,0.9922,3.15,0.64,11.3
5.7,0.24,0.47,6.3,0.069,35.0,182.0,0.9939100000000001,3.11,0.46,9.73333333333333
6.1,0.24,0.26,1.7,0.033,61.0,134.0,0.9903,3.19,0.81,11.9
7.9,0.16,0.3,7.4,0.05,58.0,152.0,0.9961200000000001,3.12,0.37,9.5
6.3,0.33,0.2,17.9,0.066,36.0,161.0,0.9991,3.14,0.51,8.8
8.0,0.55,0.42,12.6,0.21100000000000002,37.0,213.0,0.9988,2.99,0.56,9.3
6.6,0.18,0.28,1.7,0.040999999999999995,53.0,161.0,0.9920700000000001,3.13,0.45,10.2
6.1,0.16,0.34,6.1,0.034,31.0,114.0,0.99365,3.32,0.58,10.15
5.6,0.12,0.33,2.9,0.044000000000000004,21.0,73.0,0.9889600000000001,3.17,0.32,12.9
8.1,0.33,0.36,7.4,0.037000000000000005,36.0,156.0,0.99592,3.19,0.54,10.6
6.8,0.15,0.41,12.9,0.044000000000000004,79.5,183.0,0.9974200000000001,3.24,0.78,10.2
8.0,0.24,0.3,17.45,0.055999999999999994,43.0,184.0,0.9997,3.05,0.5,9.2
5.8,0.3,0.38,4.9,0.039,22.0,86.0,0.9896299999999999,3.23,0.58,13.1
6.0,0.16,0.37,1.5,0.025,43.0,117.0,0.9928,3.46,0.51,9.7
7.8,0.21,0.34,11.9,0.039,55.0,140.0,0.9959,3.02,0.31,10.3
7.3,0.23,0.24,0.9,0.031,29.0,86.0,0.98926,2.9,0.38,12.2
7.5,0.28,0.39,10.2,0.045,59.0,209.0,0.9972,3.16,0.63,9.6
6.5,0.33,0.28,6.1,0.018000000000000002,41.0,103.0,0.9912200000000001,3.24,0.32,12.2
7.4,0.28,0.5,12.1,0.049,48.0,122.0,0.9973,3.01,0.44,9.0
7.0,0.55,0.05,8.0,0.036000000000000004,19.0,164.0,0.99269,3.26,0.46,12.2
5.7,0.15,0.47,11.4,0.035,49.0,128.0,0.99456,3.03,0.34,10.5
7.5,0.38,0.56,9.7,0.055,15.0,170.0,0.99605,3.13,0.65,9.9
6.1,0.28,0.27,4.7,0.03,56.0,140.0,0.9904200000000001,3.16,0.42,12.5
6.2,0.33,0.14,4.8,0.052000000000000005,27.0,128.0,0.99475,3.21,0.48,9.4
7.5,0.24,0.31,13.1,0.05,26.0,180.0,0.99884,3.05,0.53,9.1
6.0,0.28,0.29,19.3,0.051,36.0,174.0,0.99911,3.14,0.5,9.0
8.2,0.28,0.42,1.8,0.031,30.0,93.0,0.9917,3.09,0.39,11.4
6.3,0.36,0.5,8.3,0.053,51.0,202.0,0.9955,3.2,0.51,9.6
8.0,0.25,0.35,1.1,0.054000000000000006,13.0,136.0,0.99366,3.08,0.55,9.5
8.0,0.25,0.49,1.2,0.061,27.0,117.0,0.9938,3.08,0.34,9.4
6.7,0.15,0.38,1.7,0.037000000000000005,20.0,84.0,0.99046,3.09,0.53,11.4
7.1,0.12,0.32,9.6,0.054000000000000006,64.0,162.0,0.9962,3.4,0.41,9.4
7.6,0.52,0.49,14.0,0.034,37.0,156.0,0.9958,3.14,0.38,11.8
7.4,0.18,0.31,1.4,0.057999999999999996,38.0,167.0,0.9931,3.16,0.53,10.0
8.3,0.24,0.27,2.1,0.03,22.0,162.0,0.9914,2.99,0.68,11.9
6.8,0.19,0.71,17.5,0.042,21.0,114.0,0.99784,2.85,0.5,9.5
7.8,0.25,0.34,13.7,0.044000000000000004,66.0,184.0,0.99976,3.22,0.75,8.9
6.6,0.18,0.26,17.3,0.051,17.0,149.0,0.9984,3.0,0.43,9.4
6.9,0.19,0.32,7.9,0.042,30.0,130.0,0.99456,3.4,0.39,10.5
7.3,0.2,0.39,2.3,0.048,24.0,87.0,0.99044,2.94,0.35,12.0
5.8,0.26,0.24,9.2,0.044000000000000004,55.0,152.0,0.9961,3.31,0.38,9.4
7.1,0.44,0.27,8.4,0.057,60.0,160.0,0.9925700000000001,3.16,0.36,11.8
5.8,0.38,0.26,1.1,0.057999999999999996,20.0,140.0,0.99271,3.27,0.43,9.7
5.9,0.24,0.26,12.3,0.053,34.0,134.0,0.9972,3.34,0.45,9.5
6.6,0.25,0.32,5.6,0.039,15.0,68.0,0.9916299999999999,2.96,0.52,11.1
7.3,0.25,0.26,7.2,0.048,52.0,207.0,0.99587,3.12,0.37,9.2
6.4,0.16,0.44,1.2,0.051,39.0,122.0,0.9905799999999999,3.11,0.75,11.3
6.7,0.21,0.49,1.4,0.047,30.0,114.0,0.9914,2.92,0.42,10.8
5.3,0.26,0.23,5.15,0.034,48.0,160.0,0.9952,3.82,0.51,10.5
6.3,0.27,0.51,7.6,0.049,35.0,200.0,0.9954799999999999,3.16,0.54,9.4
5.8,0.17,0.3,1.4,0.037000000000000005,55.0,130.0,0.9909,3.29,0.38,11.3
6.6,0.22,0.23,17.3,0.047,37.0,118.0,0.9990600000000001,3.08,0.46,8.8
7.3,0.3,0.34,2.7,0.044000000000000004,34.0,108.0,0.99105,3.36,0.53,12.8
7.8,0.29,0.36,7.0,0.042,38.0,161.0,0.9941,3.26,0.37,11.2
6.7,0.13,0.29,5.3,0.051,31.0,122.0,0.9944,3.44,0.37,9.7
6.5,0.26,0.74,13.3,0.044000000000000004,68.0,224.0,0.9972,3.18,0.54,9.5
6.2,0.27,0.32,6.3,0.048,47.0,159.0,0.99282,3.21,0.6,11.0
5.9,0.22,0.38,1.3,0.046,24.0,90.0,0.9923200000000001,3.2,0.47,10.0
6.5,0.16,0.33,4.8,0.043,45.0,114.0,0.992,3.18,0.44,11.2
6.6,0.28,0.09,10.9,0.051,37.0,131.0,0.99566,2.93,0.62,9.5
7.6,0.29,0.58,17.5,0.040999999999999995,51.0,225.0,0.9997,3.16,0.66,9.5
6.4,0.31,0.28,1.5,0.037000000000000005,12.0,119.0,0.9919,3.32,0.51,10.4
7.7,0.39,0.34,10.0,0.055999999999999994,35.0,178.0,0.9974,3.26,0.6,10.2
7.0,0.24,0.35,1.0,0.032,42.0,104.0,0.98988,3.16,0.37,11.7
6.1,0.41,0.0,1.6,0.063,36.0,87.0,0.9914,3.27,0.67,10.8
7.1,0.32,0.34,14.5,0.039,46.0,150.0,0.995,3.38,0.5,12.5
6.8,0.27,0.37,8.2,0.055,52.0,192.0,0.9958600000000001,3.11,0.52,9.5
7.0,0.35,0.3,6.5,0.027999999999999997,27.0,87.0,0.9936,3.4,0.42,11.4
6.4,0.32,0.27,4.9,0.034,18.0,122.0,0.9916,3.36,0.71,12.5
7.2,0.25,0.19,8.0,0.044000000000000004,51.0,172.0,0.9964,3.16,0.44,9.2
7.3,0.25,0.36,2.1,0.034,30.0,177.0,0.99085,3.25,0.4,11.9
7.3,0.3,0.33,2.3,0.043,28.0,125.0,0.9908399999999999,3.34,0.44,12.6
8.2,0.2,0.38,3.5,0.053,41.0,174.0,0.99306,3.22,0.41,11.6
6.5,0.34,0.36,11.0,0.052000000000000005,53.0,247.0,0.9984,3.44,0.55,9.3
6.8,0.44,0.37,5.1,0.047,46.0,201.0,0.9938,3.08,0.65,10.5
6.5,0.36,0.31,4.1,0.061,20.0,134.0,0.99475,3.18,0.45,9.0
6.8,0.19,0.23,5.1,0.034,71.0,204.0,0.9942,3.23,0.69,10.1
6.4,0.32,0.27,4.9,0.034,18.0,122.0,0.9916,3.36,0.71,12.5
5.6,0.3,0.1,6.4,0.043,34.0,142.0,0.99382,3.14,0.48,9.8
7.2,0.58,0.27,5.8,0.032,40.0,118.0,0.9908799999999999,3.17,0.53,13.0
7.0,0.53,0.02,1.0,0.036000000000000004,39.0,107.0,0.993,3.2,0.32,9.0
7.3,0.4,0.24,6.7,0.057999999999999996,41.0,166.0,0.995,3.2,0.41,9.9
6.7,0.23,0.39,2.5,0.172,63.0,158.0,0.9937,3.11,0.36,9.4
7.2,0.22,0.28,7.2,0.06,41.0,132.0,0.9935,3.08,0.59,11.3
6.2,0.3,0.32,1.7,0.032,30.0,130.0,0.9911,3.28,0.41,11.2
6.1,0.3,0.3,2.1,0.031,50.0,163.0,0.9895,3.39,0.43,12.7
6.7,0.24,0.26,5.4,0.03,15.0,94.0,0.99045,3.15,0.38,12.7
7.5,0.17,0.32,1.7,0.04,51.0,148.0,0.9916,3.21,0.44,11.5
7.3,0.14,0.49,1.1,0.038,28.0,99.0,0.9928,3.2,0.72,10.6
6.8,0.22,0.36,1.2,0.052000000000000005,38.0,127.0,0.9933,3.04,0.54,9.2
6.9,0.24,0.49,1.3,0.032,35.0,148.0,0.9932,3.45,0.57,10.7
5.9,0.29,0.16,7.9,0.044000000000000004,48.0,197.0,0.9951200000000001,3.21,0.36,9.4
5.4,0.375,0.4,3.3,0.054000000000000006,29.0,147.0,0.99482,3.42,0.52,9.1
6.6,0.21,0.29,1.8,0.026000000000000002,35.0,128.0,0.9918299999999999,3.37,0.48,11.2
6.0,0.26,0.33,4.35,0.04,15.0,80.0,0.98934,3.29,0.5,12.7
6.8,0.26,0.34,15.1,0.06,42.0,162.0,0.99705,3.24,0.52,10.5
7.3,0.23,0.37,1.9,0.040999999999999995,51.0,165.0,0.9908,3.26,0.4,12.2
7.5,0.19,0.49,1.6,0.047,42.0,140.0,0.9932,3.4,0.47,10.7
6.1,0.41,0.24,1.6,0.049,16.0,137.0,0.993,3.32,0.5,10.4
6.4,0.24,0.49,5.8,0.053,25.0,120.0,0.9942,3.01,0.98,10.5
7.2,0.34,0.44,4.2,0.047,51.0,144.0,0.991,3.01,0.76,12.3
6.3,0.15,0.3,1.4,0.022000000000000002,38.0,100.0,0.9909899999999999,3.42,0.57,11.4
6.7,0.21,0.36,8.55,0.02,20.0,86.0,0.99146,3.19,0.22,13.4
7.2,0.29,0.4,13.6,0.045,66.0,231.0,0.9977,3.08,0.59,9.6
5.3,0.3,0.3,1.2,0.028999999999999998,25.0,93.0,0.9874200000000001,3.31,0.4,13.6
7.1,0.2,0.3,0.9,0.019,4.0,28.0,0.98931,3.2,0.36,12.0
6.9,0.38,0.28,8.3,0.062,22.0,166.0,0.9950600000000001,3.16,0.72,10.6
7.3,0.31,0.25,6.65,0.032,30.0,138.0,0.99244,2.9,0.37,11.1
8.0,0.57,0.39,3.9,0.034,22.0,122.0,0.9917,3.29,0.67,12.8
6.1,0.35,0.24,2.3,0.034,25.0,133.0,0.9906,3.34,0.59,12.0
7.4,0.21,0.3,8.1,0.047,13.0,114.0,0.9941,3.12,0.35,10.5
6.5,0.44,0.47,5.45,0.013999999999999999,44.0,137.0,0.9898399999999999,3.13,0.32,13.0
6.8,0.25,0.34,14.0,0.032,47.0,133.0,0.9952,3.37,0.5,12.2
4.7,0.785,0.0,3.4,0.036000000000000004,23.0,134.0,0.9898100000000001,3.53,0.92,13.8
6.0,0.16,0.22,1.6,0.042,36.0,106.0,0.9905,3.24,0.32,11.4
7.1,0.23,0.28,1.9,0.046,33.0,103.0,0.9899700000000001,3.12,0.31,12.0
6.4,0.23,0.33,1.15,0.044000000000000004,15.5,217.5,0.992,3.33,0.44,11.0
9.8,0.25,0.74,10.0,0.055999999999999994,36.0,225.0,0.9977,3.06,0.43,10.0
6.0,0.29,0.21,1.3,0.055,42.0,168.0,0.9914,3.32,0.43,11.1
7.9,0.3,0.6,1.85,0.048,13.0,106.0,0.99331,3.24,0.49,11.85
7.3,0.28,0.35,1.6,0.054000000000000006,31.0,148.0,0.9917799999999999,3.18,0.47,10.7
6.0,0.33,0.27,0.8,0.185,12.0,188.0,0.9924,3.12,0.62,9.4
6.8,0.29,0.5,13.3,0.053,48.0,194.0,0.9974,3.09,0.45,9.4
6.8,0.15,0.41,12.9,0.044000000000000004,79.5,183.0,0.9974200000000001,3.24,0.78,10.2
7.0,0.3,0.28,2.2,0.042,21.0,177.0,0.99166,3.2,0.57,11.4
7.2,0.24,0.27,1.4,0.038,31.0,122.0,0.9927,3.15,0.46,10.3
9.0,0.17,0.49,1.0,0.039,46.0,131.0,0.993,3.09,0.51,10.5
5.5,0.16,0.31,1.2,0.026000000000000002,31.0,68.0,0.9898,3.33,0.44,11.6333333333333
5.8,0.13,0.22,12.7,0.057999999999999996,24.0,183.0,0.9956,3.32,0.42,11.7
6.8,0.27,0.24,4.6,0.098,36.0,127.0,0.9941200000000001,3.15,0.49,9.6
6.3,0.25,0.44,1.7,0.024,36.0,116.0,0.98935,3.18,0.4,12.5
6.9,0.28,0.24,2.1,0.034,49.0,121.0,0.98882,2.98,0.43,13.2
6.6,0.24,0.28,6.7,0.032,26.0,91.0,0.99172,3.13,0.32,12.3
6.0,0.26,0.32,3.5,0.027999999999999997,29.0,113.0,0.9912,3.4,0.71,12.3
8.1,0.28,0.4,6.9,0.05,30.0,97.0,0.9951,3.26,0.44,10.1
6.1,0.24,0.3,1.5,0.045,22.0,61.0,0.992,3.31,0.54,10.4
6.8,0.14,0.18,1.4,0.047,30.0,90.0,0.99164,3.27,0.54,11.2
6.4,0.23,0.35,10.3,0.042,54.0,140.0,0.9967,3.23,0.47,9.2
6.7,0.34,0.3,15.6,0.054000000000000006,51.0,196.0,0.9982,3.19,0.49,9.3
6.6,0.78,0.5,1.5,0.045,30.0,133.0,0.9910399999999999,3.25,0.48,11.7
6.2,0.24,0.22,7.9,0.053,45.0,149.0,0.99545,3.23,0.52,9.3
7.4,0.26,0.31,2.4,0.043,58.0,178.0,0.9941,3.42,0.68,10.6
7.3,0.21,0.3,10.9,0.037000000000000005,18.0,112.0,0.997,3.4,0.5,9.6
6.8,0.18,0.28,9.8,0.039,29.0,113.0,0.99406,3.11,0.45,10.9
6.4,0.26,0.25,10.7,0.046,66.0,179.0,0.9960600000000001,3.17,0.55,9.9
6.7,0.31,0.33,2.0,0.033,12.0,74.0,0.99064,3.29,0.65,12.5
6.2,0.24,0.27,2.9,0.039,30.0,123.0,0.98959,3.12,0.37,12.8
6.6,0.15,0.32,6.0,0.033,59.0,128.0,0.99192,3.19,0.71,12.1
6.7,0.22,0.39,10.2,0.038,60.0,149.0,0.99725,3.17,0.54,10.0
6.6,0.435,0.38,9.2,0.057999999999999996,66.0,243.0,0.9983299999999999,3.23,0.54,9.1
7.2,0.26,0.38,1.5,0.061,12.0,120.0,0.99192,3.18,0.46,10.4
6.3,0.2,0.4,1.5,0.037000000000000005,35.0,107.0,0.9917,3.46,0.5,11.4
6.1,0.18,0.38,2.3,0.033,28.0,111.0,0.98962,3.16,0.49,12.4
5.7,0.26,0.24,17.8,0.059000000000000004,23.0,124.0,0.9977299999999999,3.3,0.5,10.1
6.3,0.41,0.18,3.5,0.027000000000000003,23.0,109.0,0.99018,3.34,0.54,12.8
6.4,0.41,0.24,14.0,0.048,24.0,113.0,0.9982,3.44,0.53,9.8
5.7,0.22,0.33,1.9,0.036000000000000004,37.0,110.0,0.98945,3.26,0.58,12.4
8.2,0.2,0.49,3.5,0.057,14.0,108.0,0.9928,3.19,0.35,11.5
7.1,0.21,0.4,1.2,0.069,24.0,156.0,0.9928,3.42,0.43,10.6
5.6,0.49,0.13,4.5,0.039,17.0,116.0,0.9907,3.42,0.9,13.7
7.3,0.23,0.41,14.6,0.048,73.0,223.0,0.9986299999999999,3.16,0.71,9.4
6.6,0.56,0.16,3.1,0.045,28.0,92.0,0.9940000000000001,3.12,0.35,9.1
6.0,0.11,0.47,10.6,0.052000000000000005,69.0,148.0,0.9958,2.91,0.34,9.3
7.1,0.39,0.3,9.9,0.037000000000000005,29.0,124.0,0.9941399999999999,3.07,0.42,10.9
7.6,0.26,0.36,1.6,0.032,6.0,106.0,0.993,3.15,0.4,10.4
7.7,0.3,0.42,14.3,0.045,45.0,213.0,0.9991,3.18,0.63,9.2
7.0,0.17,0.31,4.8,0.034,34.0,132.0,0.9944,3.36,0.48,9.6
6.6,0.22,0.29,14.4,0.046,39.0,118.0,0.99834,3.05,0.5,9.1
6.3,0.25,0.53,1.8,0.021,41.0,101.0,0.9893149999999999,3.19,0.31,13.0
7.1,0.33,0.64,13.2,0.055999999999999994,12.0,105.0,0.9972,3.05,0.39,9.2
7.5,0.14,0.34,1.3,0.055,50.0,153.0,0.9945,3.29,0.8,9.6
6.2,0.28,0.45,7.5,0.045,46.0,203.0,0.9957299999999999,3.26,0.46,9.2
8.1,0.31,0.24,1.6,0.032,10.0,67.0,0.9924,3.08,0.47,10.5
7.2,0.29,0.4,7.6,0.024,56.0,177.0,0.9928,3.04,0.32,11.5
5.8,0.29,0.05,0.8,0.038,11.0,30.0,0.9924,3.36,0.35,9.2
7.6,0.16,0.44,1.4,0.043,25.0,109.0,0.9932,3.11,0.75,10.3
7.0,0.28,0.39,8.7,0.051,32.0,141.0,0.9961,3.38,0.53,10.5
7.1,0.39,0.35,12.5,0.044000000000000004,26.0,72.0,0.9941,3.17,0.29,11.6
5.8,0.61,0.01,8.4,0.040999999999999995,31.0,104.0,0.9909,3.26,0.72,14.05
8.0,0.36,0.43,10.1,0.053,29.0,146.0,0.9982,3.4,0.46,9.5
7.0,0.13,0.37,12.85,0.042,36.0,105.0,0.9958100000000001,3.05,0.55,10.7
6.6,0.18,0.28,1.7,0.040999999999999995,53.0,161.0,0.9920700000000001,3.13,0.45,10.2
6.7,0.24,0.3,3.85,0.042,105.0,179.0,0.9918899999999999,3.04,0.59,11.3
6.2,0.2,0.33,5.4,0.027999999999999997,21.0,75.0,0.9901200000000001,3.36,0.41,13.5
6.9,0.2,0.37,6.2,0.027000000000000003,24.0,97.0,0.992,3.38,0.49,12.2
6.2,0.16,0.47,1.4,0.028999999999999998,23.0,81.0,0.99,3.26,0.42,12.2
7.5,0.23,0.49,7.7,0.049,61.0,209.0,0.9941,3.14,0.3,11.1
6.7,0.22,0.39,1.2,0.049,26.0,152.0,0.99346,3.5,0.47,10.0
7.3,0.35,0.67,8.3,0.053,10.0,100.0,0.9959,3.19,0.5,10.9
7.0,0.11,0.32,4.6,0.057,59.0,144.0,0.9956,3.55,0.44,9.4
7.0,0.23,0.42,1.1,0.062,35.0,100.0,0.99318,3.04,0.4,9.2
6.5,0.29,0.31,1.7,0.035,24.0,79.0,0.9905299999999999,3.27,0.69,11.4
7.2,0.37,0.15,2.0,0.028999999999999998,27.0,87.0,0.9903,3.3,0.59,12.6
6.2,0.66,0.48,1.2,0.028999999999999998,29.0,75.0,0.9892,3.33,0.39,12.8
7.1,0.17,0.4,14.55,0.047,47.0,156.0,0.99945,3.34,0.78,9.1
7.2,0.39,0.63,11.0,0.044000000000000004,55.0,156.0,0.9974,3.09,0.44,8.7
6.4,0.29,0.24,3.2,0.037000000000000005,31.0,95.0,0.9894200000000001,2.9,0.66,12.6
6.6,0.56,0.22,8.9,0.034,27.0,133.0,0.99675,3.2,0.51,9.1
7.3,0.18,0.65,1.4,0.046,28.0,157.0,0.9946,3.33,0.62,9.4
6.2,0.32,0.45,2.9,0.028999999999999998,37.0,94.0,0.98998,3.25,0.6,12.4
6.6,0.19,0.41,8.9,0.046,51.0,169.0,0.9954,3.14,0.57,9.8
7.1,0.4,0.52,1.3,0.14800000000000002,45.0,149.0,0.9946799999999999,3.08,0.56,8.7
7.2,0.26,0.4,6.3,0.047,52.0,172.0,0.9957299999999999,3.18,0.53,9.5
5.8,0.33,0.2,16.05,0.047,26.0,166.0,0.9976,3.09,0.46,8.9
6.9,0.25,0.33,1.2,0.035,35.0,158.0,0.99082,3.02,0.58,11.3
6.9,0.19,0.38,1.15,0.023,30.0,105.0,0.9904700000000001,3.11,0.38,11.4
7.3,0.29,0.37,8.3,0.044000000000000004,45.0,227.0,0.9966,3.12,0.47,9.0
7.4,0.26,0.32,3.7,0.032,29.0,193.0,0.99134,3.1,0.67,12.5
6.4,0.27,0.19,1.9,0.085,21.0,196.0,0.99516,3.49,0.64,9.5
6.8,0.14,0.35,1.5,0.047,40.0,117.0,0.99111,3.07,0.72,11.1
7.9,0.22,0.49,3.8,0.042,26.0,105.0,0.993,3.1,0.39,10.5
6.8,0.23,0.32,1.6,0.026000000000000002,43.0,147.0,0.9904,3.29,0.54,12.5
6.3,0.16,0.22,1.3,0.046,18.0,66.0,0.9930700000000001,3.61,0.55,10.3
5.8,0.555,0.26,4.5,0.053,17.0,126.0,0.9943,3.24,0.46,9.1
6.6,0.17,0.38,1.5,0.032,28.0,112.0,0.9914,3.25,0.55,11.4
7.0,0.15,0.28,14.7,0.051,29.0,149.0,0.99792,2.96,0.39,9.0
6.7,0.325,0.82,1.2,0.152,49.0,120.0,0.9931200000000001,2.99,0.38,9.2
6.6,0.42,0.33,2.8,0.034,15.0,85.0,0.99,3.28,0.51,13.4
8.5,0.16,0.35,1.6,0.039,24.0,147.0,0.9935,2.96,0.36,10.0
6.9,0.28,0.41,1.7,0.05,10.0,136.0,0.993,3.16,0.71,11.4
5.9,0.37,0.14,6.3,0.036000000000000004,34.0,185.0,0.9944,3.17,0.63,9.8
7.5,0.18,0.31,6.5,0.028999999999999998,53.0,160.0,0.9927600000000001,3.03,0.38,10.9
5.7,0.14,0.3,5.4,0.045,26.0,105.0,0.99469,3.32,0.45,9.3
6.7,0.26,0.29,7.7,0.038,40.0,179.0,0.99479,3.23,0.56,10.4
6.2,0.23,0.36,17.2,0.039,37.0,130.0,0.99946,3.23,0.43,8.8
8.6,0.34,0.36,1.4,0.045,11.0,119.0,0.99556,3.17,0.47,9.4
7.7,0.34,0.28,11.0,0.04,31.0,117.0,0.99815,3.27,0.29,9.2
7.1,0.32,0.24,13.1,0.05,52.0,204.0,0.998,3.1,0.49,8.8
6.8,0.19,0.71,17.5,0.042,21.0,114.0,0.99784,2.85,0.5,9.5
6.7,0.44,0.22,4.3,0.032,19.0,99.0,0.99015,3.26,0.53,12.8
6.0,0.23,0.34,1.3,0.025,23.0,111.0,0.98961,3.36,0.37,12.7
6.5,0.43,0.31,3.6,0.046,19.0,143.0,0.9902200000000001,3.15,0.34,12.0
6.4,0.475,0.06,1.0,0.03,9.0,131.0,0.9904,2.97,0.29,10.8
7.6,0.15,0.4,1.3,0.036000000000000004,24.0,112.0,0.9932,3.14,0.76,10.0
7.0,0.26,0.46,15.55,0.037000000000000005,61.0,171.0,0.9986,2.94,0.35,8.8
7.3,0.37,0.16,14.9,0.048,59.0,240.0,0.99902,3.13,0.45,8.9
7.6,0.52,0.49,14.0,0.034,37.0,156.0,0.9958,3.14,0.38,11.8
7.7,0.46,0.18,3.3,0.054000000000000006,18.0,143.0,0.99392,3.12,0.51,10.8
6.0,0.29,0.21,15.55,0.043,20.0,142.0,0.9965799999999999,3.11,0.54,10.1
8.3,0.17,0.31,1.5,0.049,48.0,153.0,0.9942,3.12,0.58,9.4
8.0,0.24,0.36,1.5,0.047,17.0,129.0,0.9948,3.2,0.54,10.0
6.3,0.21,0.28,1.5,0.051,46.0,142.0,0.9928,3.23,0.42,10.1
6.9,0.31,0.32,1.6,0.036000000000000004,34.0,114.0,0.9906799999999999,3.19,0.45,11.4
7.4,0.28,0.25,11.9,0.053,25.0,148.0,0.9976,3.1,0.62,9.2
7.6,0.2,0.68,12.9,0.042,56.0,160.0,0.99841,3.05,0.41,8.7
4.7,0.145,0.29,1.0,0.042,35.0,90.0,0.9908,3.76,0.49,11.3
5.7,0.32,0.38,4.75,0.033,23.0,94.0,0.991,3.42,0.42,11.8
6.2,0.21,0.26,13.1,0.05,59.0,150.0,0.99772,3.31,0.46,9.0
7.5,0.23,0.35,17.8,0.057999999999999996,128.0,212.0,1.00241,3.44,0.43,8.9
6.9,0.28,0.28,12.2,0.042,52.0,139.0,0.9952200000000001,3.03,0.56,10.4
5.5,0.15,0.32,14.0,0.031,16.0,99.0,0.9943700000000001,3.26,0.38,11.5
6.4,0.3,0.38,7.8,0.046,35.0,192.0,0.9955,3.1,0.37,9.0
6.9,0.32,0.26,8.3,0.053,32.0,180.0,0.9965,3.25,0.51,9.2
7.1,0.42,0.2,2.8,0.038,28.0,109.0,0.9896799999999999,3.23,0.47,13.4
8.3,0.14,0.26,1.5,0.049,56.0,189.0,0.9946,3.21,0.62,9.5
6.0,0.36,0.16,6.3,0.036000000000000004,36.0,191.0,0.9942,3.17,0.62,9.8
6.7,0.24,0.29,14.9,0.053,55.0,136.0,0.99839,3.03,0.52,9.0
6.7,0.24,0.35,13.1,0.05,64.0,205.0,0.997,3.15,0.5,9.5
6.6,0.24,0.35,7.7,0.031,36.0,135.0,0.9938,3.19,0.37,10.5
6.1,0.36,0.41,19.35,0.07,67.0,207.0,1.00118,3.39,0.53,9.1
7.4,0.19,0.31,14.5,0.045,39.0,193.0,0.9986,3.1,0.5,9.2
7.4,0.16,0.3,13.7,0.055999999999999994,33.0,168.0,0.99825,2.9,0.44,8.7
6.9,0.28,0.41,1.4,0.016,6.0,55.0,0.9887600000000001,3.16,0.4,13.4
7.4,0.16,0.27,15.5,0.05,25.0,135.0,0.9984,2.9,0.43,8.7
6.1,0.28,0.26,1.5,0.03,25.0,101.0,0.9889399999999999,3.03,0.41,12.1
7.1,0.31,0.38,1.2,0.036000000000000004,10.0,124.0,0.9924,3.14,0.44,9.9
6.9,0.32,0.17,7.6,0.042,69.0,219.0,0.9959,3.13,0.4,8.9
7.1,0.23,0.35,16.5,0.04,60.0,171.0,0.9990000000000001,3.16,0.59,9.1
6.6,0.56,0.22,8.9,0.034,27.0,133.0,0.99675,3.2,0.51,9.1
6.0,0.25,0.4,5.7,0.052000000000000005,56.0,152.0,0.99398,3.16,0.88,10.5
7.1,0.3,0.46,1.5,0.066,29.0,133.0,0.9906,3.12,0.54,12.7
7.3,0.34,0.22,1.4,0.044000000000000004,43.0,176.0,0.9928600000000001,3.14,0.46,9.9
6.6,0.16,0.34,1.1,0.037000000000000005,41.0,115.0,0.9899,3.01,0.68,12.0
9.1,0.27,0.32,1.1,0.031,15.0,151.0,0.9936,3.03,0.41,10.6
8.2,0.21,0.32,10.65,0.053,53.0,145.0,0.9972,3.17,0.48,10.2
6.9,0.4,0.22,5.95,0.081,76.0,303.0,0.99705,3.4,0.57,9.4
7.2,0.23,0.39,14.2,0.057999999999999996,49.0,192.0,0.9979,2.98,0.48,9.0
6.6,0.13,0.3,4.9,0.057999999999999996,47.0,131.0,0.9946,3.51,0.45,10.3
6.5,0.25,0.35,12.0,0.055,47.0,179.0,0.998,3.58,0.47,10.0
7.1,0.31,0.5,14.5,0.059000000000000004,6.0,148.0,0.9983,2.94,0.44,9.1
7.8,0.2,0.32,5.0,0.016,31.0,101.0,0.9918600000000001,2.99,0.39,11.0
6.9,0.21,0.33,1.8,0.034,48.0,136.0,0.9899,3.25,0.41,12.6
6.0,0.38,0.26,3.5,0.035,38.0,111.0,0.98872,3.18,0.47,13.6
6.8,0.2,0.38,4.7,0.04,27.0,103.0,0.9940000000000001,3.37,0.58,10.7
5.0,0.235,0.27,11.75,0.03,34.0,118.0,0.9954,3.07,0.5,9.4
6.4,0.18,0.48,4.0,0.18600000000000003,64.0,150.0,0.9945,3.06,0.4,9.3
6.7,0.24,0.39,2.9,0.17300000000000001,63.0,157.0,0.9937,3.1,0.34,9.4
6.6,0.41,0.27,10.7,0.11,20.0,103.0,0.99672,3.08,0.41,9.0
9.8,0.36,0.45,1.6,0.042,11.0,124.0,0.9944,2.93,0.46,10.8
6.0,0.395,0.0,1.4,0.042,7.0,55.0,0.99135,3.37,0.38,11.2
7.8,0.3,0.4,1.8,0.027999999999999997,23.0,122.0,0.9914,3.14,0.39,10.9
7.0,0.15,0.28,14.7,0.051,29.0,149.0,0.99792,2.96,0.39,9.0
6.7,0.36,0.26,7.9,0.034,39.0,123.0,0.99119,2.99,0.3,12.2
6.9,0.56,0.26,10.9,0.06,55.0,193.0,0.9969,3.21,0.44,9.4
7.0,0.29,0.33,0.9,0.040999999999999995,20.0,117.0,0.9904799999999999,3.21,0.5,11.4
7.1,0.2,0.31,7.4,0.053,32.0,211.0,0.99587,3.31,0.59,10.4
7.3,0.22,0.4,14.75,0.042,44.5,129.5,0.9998,3.36,0.41,9.1
7.0,0.29,0.49,3.8,0.047,37.0,136.0,0.9938,2.95,0.4,9.4
5.1,0.33,0.27,6.7,0.022000000000000002,44.0,129.0,0.99221,3.36,0.39,11.0
6.3,0.19,0.29,2.0,0.022000000000000002,33.0,96.0,0.9890200000000001,3.04,0.54,12.8
6.4,0.31,0.53,8.8,0.057,36.0,221.0,0.9964200000000001,3.17,0.44,9.1
4.4,0.54,0.09,5.1,0.038,52.0,97.0,0.9902200000000001,3.41,0.4,12.2
6.4,0.3,0.36,2.0,0.052000000000000005,18.0,141.0,0.9927299999999999,3.38,0.53,10.5
7.9,0.21,0.39,2.0,0.057,21.0,138.0,0.9917600000000001,3.05,0.52,10.9
7.8,0.22,0.38,10.3,0.059000000000000004,28.0,99.0,0.9967,3.12,0.47,10.0
8.1,0.26,0.27,4.3,0.03,43.0,123.0,0.9921200000000001,3.16,0.33,11.2
6.7,0.19,0.39,1.0,0.032,14.0,71.0,0.9891200000000001,3.31,0.38,13.0
5.8,0.19,0.49,4.9,0.04,44.0,118.0,0.9935,3.34,0.38,9.5
5.7,0.24,0.3,1.3,0.03,25.0,98.0,0.9896799999999999,3.37,0.43,12.4
5.8,0.34,0.21,6.6,0.04,50.0,167.0,0.9941,3.29,0.62,10.0
7.9,0.22,0.24,4.6,0.044000000000000004,39.0,159.0,0.9927,2.99,0.28,11.5
7.5,0.26,0.31,1.6,0.032,36.0,109.0,0.99044,2.97,0.43,11.9
6.6,0.26,0.31,4.8,0.138,41.0,168.0,0.9951,3.2,0.38,9.3
6.1,0.26,0.28,1.7,0.043,24.0,98.0,0.98918,3.14,0.44,12.5
6.2,0.32,0.12,4.8,0.054000000000000006,6.0,97.0,0.99424,3.16,0.5,9.3
6.4,0.29,0.3,2.9,0.036000000000000004,25.0,79.0,0.9903700000000001,3.29,0.6,12.4
5.6,0.28,0.4,6.1,0.034,36.0,118.0,0.99144,3.21,0.43,12.1
9.8,0.93,0.45,8.6,0.052000000000000005,34.0,187.0,0.9994,3.12,0.59,10.2
7.3,0.19,0.27,13.9,0.057,45.0,155.0,0.9980700000000001,2.94,0.41,8.8
6.2,0.26,0.29,2.0,0.036000000000000004,16.0,87.0,0.9908100000000001,3.33,0.61,11.8
7.3,0.19,0.27,13.9,0.057,45.0,155.0,0.9980700000000001,2.94,0.41,8.8
6.9,0.44,0.18,11.8,0.051,26.0,126.0,0.9975,3.23,0.48,9.1
5.9,0.2,0.28,12.8,0.038,29.0,132.0,0.99426,3.31,0.57,11.8
9.1,0.27,0.45,10.6,0.035,28.0,124.0,0.997,3.2,0.46,10.4
6.7,0.34,0.43,1.6,0.040999999999999995,29.0,114.0,0.9901399999999999,3.23,0.44,12.6
6.5,0.21,0.4,7.3,0.040999999999999995,49.0,115.0,0.9926799999999999,3.21,0.43,11.0
7.3,0.19,0.27,13.9,0.057,45.0,155.0,0.9980700000000001,2.94,0.41,8.8
7.3,0.17,0.24,8.1,0.121,32.0,162.0,0.99508,3.17,0.38,10.4
5.9,0.14,0.25,4.5,0.027000000000000003,34.0,140.0,0.9934,3.49,0.51,10.8
6.8,0.25,0.27,10.7,0.076,47.0,154.0,0.9967,3.05,0.38,9.0
7.1,0.2,0.41,2.1,0.054000000000000006,24.0,166.0,0.9948,3.48,0.62,10.5
9.7,0.24,0.45,1.2,0.033,11.0,59.0,0.9926,2.74,0.47,10.8
7.1,0.19,0.28,3.6,0.033,16.0,78.0,0.993,2.91,0.78,11.4
7.6,0.37,0.51,11.7,0.094,58.0,181.0,0.9977600000000001,2.91,0.51,9.0
5.1,0.33,0.22,1.6,0.027000000000000003,18.0,89.0,0.9893,3.51,0.38,12.5
6.0,0.24,0.41,1.3,0.036000000000000004,42.0,118.0,0.99018,3.04,0.64,11.75
5.6,0.28,0.27,3.9,0.043,52.0,158.0,0.9920200000000001,3.35,0.44,10.7
6.9,0.18,0.36,1.3,0.036000000000000004,40.0,117.0,0.9934,3.27,0.95,9.5
5.5,0.31,0.29,3.0,0.027000000000000003,16.0,102.0,0.99067,3.23,0.56,11.2
6.8,0.19,0.32,7.6,0.049,37.0,107.0,0.9933200000000001,3.12,0.44,10.7
7.0,0.3,0.38,14.9,0.032,60.0,181.0,0.9983,3.18,0.61,9.3
6.0,0.2,0.26,6.8,0.049,22.0,93.0,0.9928,3.15,0.42,11.0
8.6,0.18,0.36,1.8,0.04,24.0,187.0,0.9956,3.25,0.55,9.5
6.7,0.21,0.34,1.5,0.035,45.0,123.0,0.98949,3.24,0.36,12.6
6.0,0.32,0.33,9.9,0.032,22.0,90.0,0.9925799999999999,3.1,0.43,12.1
6.3,0.26,0.25,7.8,0.057999999999999996,44.0,166.0,0.9961,3.24,0.41,9.0
7.1,0.26,0.32,14.45,0.07400000000000001,29.0,107.0,0.998,2.96,0.42,9.2
6.9,0.28,0.31,7.2,0.04,47.0,168.0,0.9946,3.29,0.57,10.6
5.8,0.36,0.26,3.3,0.038,40.0,153.0,0.9911,3.34,0.55,11.3
5.7,0.32,0.18,1.4,0.028999999999999998,26.0,104.0,0.9906,3.44,0.37,11.0
6.8,0.31,0.25,10.5,0.043,30.0,165.0,0.9972,3.36,0.55,10.55
8.0,0.34,0.49,9.0,0.033,39.0,180.0,0.9936,3.13,0.38,12.3
5.7,0.2,0.24,13.8,0.047,44.0,112.0,0.9983700000000001,2.97,0.66,8.8
6.7,0.18,0.31,10.6,0.035,42.0,143.0,0.99572,3.08,0.49,9.8
6.9,0.16,0.35,1.3,0.043,21.0,182.0,0.9927,3.25,0.62,10.8
6.0,0.29,0.25,1.4,0.033,30.0,114.0,0.9879399999999999,3.08,0.43,13.2
5.6,0.19,0.46,1.1,0.032,33.0,115.0,0.9909,3.36,0.5,10.4
7.6,0.15,0.35,4.3,0.051,23.0,98.0,0.9942200000000001,3.1,0.44,9.5
6.0,0.14,0.37,1.2,0.032,63.0,148.0,0.99185,3.32,0.44,11.2
7.4,0.29,0.29,1.6,0.045,53.0,180.0,0.9936,3.34,0.68,10.5
6.8,0.31,0.19,3.5,0.086,30.0,130.0,0.993,2.83,0.44,9.6
7.0,0.57,0.1,8.3,0.094,23.0,188.0,0.9972,3.4,0.47,9.2
6.7,0.18,0.3,6.4,0.048,40.0,251.0,0.9956,3.29,0.52,10.0
5.9,0.24,0.28,1.3,0.032,36.0,95.0,0.9888899999999999,3.08,0.64,12.9
7.4,0.16,0.49,1.2,0.055,18.0,150.0,0.9917,3.23,0.47,11.2
6.4,0.28,0.41,6.8,0.045,61.0,216.0,0.9952,3.09,0.46,9.4
6.0,0.29,0.41,10.8,0.048,55.0,149.0,0.9937,3.09,0.59,10.966666666666699
5.1,0.42,0.01,1.5,0.017,25.0,102.0,0.9894,3.38,0.36,12.3
7.5,0.21,0.34,1.2,0.06,26.0,111.0,0.9931,3.51,0.47,10.7
7.1,0.39,0.79,1.4,0.19399999999999998,23.0,90.0,0.9921200000000001,3.17,0.46,10.5
6.6,0.38,0.36,9.2,0.061,42.0,214.0,0.9976,3.31,0.56,9.4
7.0,0.16,0.26,7.3,0.047,30.0,220.0,0.9962200000000001,3.38,0.58,10.1
6.5,0.13,0.27,2.6,0.035,32.0,76.0,0.9914,3.21,0.76,11.333333333333302
8.0,0.2,0.36,1.2,0.032,21.0,78.0,0.9921,3.08,0.37,10.4
7.2,0.18,0.45,4.4,0.046,57.0,166.0,0.9943,3.13,0.62,11.2
8.8,0.35,0.49,1.0,0.036000000000000004,14.0,56.0,0.992,2.96,0.33,10.5
7.3,0.26,0.32,1.2,0.040999999999999995,29.0,94.0,0.9897799999999999,3.07,0.45,12.0
8.9,0.13,0.49,1.0,0.027999999999999997,6.0,24.0,0.9926,2.91,0.32,9.9
7.6,0.3,0.22,10.2,0.049,57.0,191.0,0.9966,3.08,0.4,9.3
7.7,0.16,0.49,2.0,0.055999999999999994,20.0,124.0,0.9948,3.32,0.49,10.7
5.8,0.31,0.33,1.2,0.036000000000000004,23.0,99.0,0.9916,3.18,0.6,10.5
6.3,0.17,0.32,4.2,0.04,37.0,117.0,0.99182,3.24,0.43,11.3
6.1,0.125,0.25,3.3,0.04,10.0,69.0,0.9934,3.54,0.59,10.1
8.6,0.2,0.42,1.5,0.040999999999999995,35.0,125.0,0.9925,3.11,0.49,11.4
6.9,0.31,0.33,12.7,0.038,33.0,116.0,0.9954,3.04,0.65,10.4
6.5,0.29,0.3,9.15,0.051,25.0,166.0,0.99339,3.24,0.56,11.35
5.8,0.31,0.31,7.5,0.052000000000000005,55.0,230.0,0.9949,3.19,0.46,9.8
6.1,0.2,0.17,1.6,0.048,46.0,129.0,0.991,3.3,0.43,11.4
8.0,0.23,0.41,1.1,0.048,35.0,150.0,0.9916799999999999,3.09,0.47,11.2
6.4,0.25,0.57,1.0,0.062,21.0,122.0,0.9923799999999999,3.0,0.4,9.5
7.6,0.31,0.52,13.2,0.042,61.0,148.0,0.99839,2.98,0.47,9.1
6.9,0.3,0.36,4.5,0.054000000000000006,31.0,203.0,0.99513,3.4,0.57,10.4
6.0,0.36,0.32,1.1,0.053,26.0,173.0,0.9941399999999999,3.38,0.54,8.8
6.8,0.23,0.29,12.2,0.035,38.0,236.0,0.9976,3.35,0.52,9.8
6.8,0.26,0.29,16.95,0.055999999999999994,48.0,179.0,0.9998,3.45,0.4,9.6
6.7,0.14,0.51,4.3,0.027999999999999997,57.0,124.0,0.9917600000000001,2.91,0.54,10.7
7.9,0.33,0.28,31.6,0.053,35.0,176.0,1.0103,3.15,0.38,8.8
8.2,0.23,0.49,0.9,0.057,15.0,73.0,0.9928,3.07,0.38,10.4
6.1,0.32,0.33,10.7,0.036000000000000004,27.0,98.0,0.99521,3.34,0.52,10.2
6.9,0.25,0.35,9.2,0.034,42.0,150.0,0.9947,3.21,0.36,11.5
6.2,0.18,0.38,1.5,0.027999999999999997,36.0,117.0,0.993,3.47,0.54,9.7
6.6,0.28,0.42,8.2,0.044000000000000004,60.0,196.0,0.9956200000000001,3.14,0.48,9.4
5.7,0.27,0.16,9.0,0.053,32.0,111.0,0.99474,3.36,0.37,10.4
7.4,0.19,0.49,6.7,0.037000000000000005,15.0,110.0,0.9938,3.2,0.38,11.0
6.9,0.28,0.37,9.1,0.037000000000000005,16.0,76.0,0.9948,3.05,0.54,11.1
6.5,0.22,0.29,7.4,0.027999999999999997,16.0,87.0,0.99311,3.15,0.56,10.9
6.9,0.41,0.33,10.1,0.043,28.0,152.0,0.9968,3.2,0.52,9.4
5.6,0.49,0.13,4.5,0.039,17.0,116.0,0.9907,3.42,0.9,13.7
6.5,0.32,0.12,11.5,0.033,35.0,165.0,0.9974,3.22,0.32,9.0
6.8,0.21,0.74,1.2,0.047,25.0,111.0,0.9916,3.13,0.41,10.7
6.0,0.21,0.38,0.8,0.02,22.0,98.0,0.98941,3.26,0.32,11.8
6.2,0.28,0.22,7.3,0.040999999999999995,26.0,157.0,0.9957,3.44,0.64,9.8
6.4,0.22,0.38,9.1,0.044000000000000004,35.0,127.0,0.99326,2.97,0.3,11.0
8.7,0.23,0.32,13.4,0.044000000000000004,35.0,169.0,0.99975,3.12,0.47,8.8
8.6,0.18,0.28,0.8,0.032,25.0,78.0,0.9910399999999999,2.99,0.38,11.1
7.6,0.27,0.52,3.2,0.043,28.0,152.0,0.99129,3.02,0.53,11.4
6.0,0.41,0.23,1.1,0.066,22.0,148.0,0.99266,3.3,0.47,9.63333333333333
6.9,0.4,0.17,12.9,0.033,59.0,186.0,0.99754,3.08,0.49,9.4
6.9,0.25,0.26,5.2,0.024,36.0,135.0,0.9948,3.16,0.72,10.7
6.6,0.3,0.45,8.0,0.038,54.0,200.0,0.9956,3.18,0.48,9.5
7.2,0.29,0.18,8.2,0.042,41.0,180.0,0.99644,3.16,0.49,9.1
6.7,0.27,0.25,8.0,0.053,54.0,202.0,0.9961,3.22,0.43,9.3
5.8,0.3,0.33,3.5,0.033,25.0,116.0,0.9905700000000001,3.2,0.44,11.7
6.3,0.35,0.3,5.7,0.035,8.0,97.0,0.9927,3.27,0.41,11.0
7.0,0.27,0.74,1.5,0.036000000000000004,27.0,122.0,0.9926,3.35,0.48,11.2
9.0,0.31,0.49,6.9,0.034,26.0,91.0,0.9937,2.99,0.34,11.5
6.4,0.44,0.26,2.0,0.054000000000000006,20.0,180.0,0.9952,3.58,0.57,10.0
6.9,0.32,0.3,1.8,0.036000000000000004,28.0,117.0,0.99269,3.24,0.48,11.0
7.2,0.16,0.49,1.3,0.037000000000000005,27.0,104.0,0.9924,3.23,0.57,10.6
6.2,0.2,0.25,15.0,0.055,8.0,120.0,0.9976700000000001,3.19,0.53,9.6
7.2,0.26,0.24,7.0,0.023,19.0,130.0,0.9917600000000001,3.14,0.49,12.8
6.1,0.28,0.16,1.3,0.06,36.0,126.0,0.9935299999999999,3.13,0.46,8.7
6.6,0.13,0.29,13.9,0.055999999999999994,33.0,95.0,0.99702,3.17,0.39,9.4
7.5,0.33,0.32,11.1,0.036000000000000004,25.0,119.0,0.9962,3.15,0.34,10.5
5.6,0.2,0.66,10.2,0.043,78.0,175.0,0.9945,2.98,0.43,10.4
9.4,0.16,0.23,1.6,0.042,14.0,67.0,0.9942,3.07,0.32,9.5
6.8,0.26,0.46,8.3,0.037000000000000005,49.0,173.0,0.9960100000000001,3.17,0.47,9.3
7.1,0.18,0.74,15.6,0.044000000000000004,44.0,176.0,0.9996,3.38,0.67,9.0
6.4,0.31,0.28,2.5,0.039,34.0,137.0,0.98946,3.22,0.38,12.7
5.6,0.2,0.36,2.5,0.048,16.0,125.0,0.99282,3.49,0.49,10.0
7.1,0.22,0.32,16.9,0.055999999999999994,49.0,158.0,0.9998,3.37,0.38,9.6
6.6,0.24,0.28,1.8,0.027999999999999997,39.0,132.0,0.99182,3.34,0.46,11.4
5.0,0.33,0.16,1.5,0.049,10.0,97.0,0.9917,3.48,0.44,10.7
7.1,0.21,0.33,1.2,0.039,34.0,97.0,0.9911200000000001,3.11,0.75,11.2
6.7,0.19,0.23,6.2,0.047,36.0,117.0,0.9945,3.34,0.43,9.6
6.8,0.19,0.4,9.85,0.055,41.0,103.0,0.9953200000000001,2.98,0.56,10.5
6.6,0.2,0.27,10.9,0.038,29.0,130.0,0.9949600000000001,3.11,0.44,10.5
7.6,0.35,0.46,14.7,0.047,33.0,151.0,0.9970899999999999,3.03,0.53,10.3
6.9,0.35,0.39,2.4,0.048,25.0,157.0,0.9913299999999999,3.2,0.54,11.1
6.1,0.25,0.18,10.5,0.049,41.0,124.0,0.9963,3.14,0.35,10.5
7.0,0.14,0.49,5.9,0.053,22.0,118.0,0.9954,3.36,0.36,9.4
7.6,0.345,0.26,1.9,0.043,15.0,134.0,0.9936,3.08,0.38,9.5
5.8,0.29,0.15,1.1,0.028999999999999998,12.0,83.0,0.9898,3.3,0.4,11.4
7.1,0.09,0.3,6.2,0.032,24.0,134.0,0.993,2.99,0.39,10.9
6.5,0.16,0.33,1.0,0.027000000000000003,23.0,75.0,0.9908,3.3,0.39,11.4
7.2,0.23,0.46,6.4,0.036000000000000004,17.0,85.0,0.99279,3.1,0.78,11.7
9.4,0.23,0.56,16.45,0.063,52.5,282.0,1.00098,3.1,0.51,9.3
7.2,0.19,0.39,1.2,0.036000000000000004,32.0,85.0,0.9918,3.16,0.5,10.5
6.3,0.34,0.36,4.9,0.035,31.0,185.0,0.9946,3.15,0.49,9.7
4.9,0.335,0.14,1.3,0.036000000000000004,69.0,168.0,0.9921200000000001,3.47,0.46,10.4666666666667
6.3,0.27,0.29,12.2,0.044000000000000004,59.0,196.0,0.99782,3.14,0.4,8.8
6.9,0.26,0.27,4.2,0.031,20.0,80.0,0.9908899999999999,3.12,0.39,11.5
7.7,0.34,0.58,11.1,0.039,41.0,151.0,0.9978,3.06,0.49,8.6
6.4,0.27,0.17,8.4,0.044000000000000004,60.0,198.0,0.9957799999999999,3.21,0.47,9.4
5.8,0.3,0.27,1.7,0.013999999999999999,45.0,104.0,0.9891399999999999,3.4,0.56,12.6
6.0,0.17,0.29,9.7,0.044000000000000004,33.0,98.0,0.99536,3.12,0.36,9.2
8.6,0.22,0.33,1.2,0.031,38.0,95.0,0.99239,2.83,0.31,10.3
6.4,0.38,0.26,8.2,0.043,28.0,98.0,0.99234,2.99,0.31,11.4
6.4,0.29,0.44,3.6,0.2,75.0,181.0,0.9942,3.02,0.41,9.1
7.6,0.27,0.52,3.2,0.043,28.0,152.0,0.99129,3.02,0.53,11.4
6.1,0.34,0.21,5.0,0.042,17.0,133.0,0.9937299999999999,3.02,0.53,9.4
7.2,0.29,0.2,7.7,0.046,51.0,174.0,0.99582,3.16,0.52,9.5
5.6,0.35,0.37,1.0,0.038,6.0,72.0,0.9902,3.37,0.34,11.4
7.8,0.42,0.23,8.8,0.054000000000000006,42.0,215.0,0.9971,3.02,0.58,9.2
7.1,0.14,0.4,1.2,0.051,55.0,136.0,0.9932,3.3,0.96,9.8
7.4,0.16,0.3,13.7,0.055999999999999994,33.0,168.0,0.99825,2.9,0.44,8.7
6.5,0.25,0.32,9.9,0.045,41.0,128.0,0.99636,3.18,0.52,9.6
6.5,0.23,0.2,7.5,0.05,44.0,179.0,0.9950399999999999,3.18,0.48,9.53333333333333
6.6,0.545,0.04,2.5,0.031,48.0,111.0,0.9906,3.14,0.32,11.9
6.9,0.28,0.37,9.1,0.037000000000000005,16.0,76.0,0.9948,3.05,0.54,11.1
6.0,0.23,0.15,9.7,0.048,101.0,207.0,0.99571,3.05,0.3,9.1
8.4,0.23,0.49,7.8,0.035,22.0,95.0,0.9935,3.04,0.34,12.0
6.7,0.28,0.28,2.4,0.012,36.0,100.0,0.99064,3.26,0.39,11.7
6.6,0.33,0.41,2.0,0.027000000000000003,14.0,79.0,0.9906299999999999,3.27,0.63,12.4
5.8,0.36,0.5,1.0,0.127,63.0,178.0,0.9921200000000001,3.1,0.45,9.7
8.9,0.24,0.33,15.75,0.035,16.0,132.0,0.996,3.0,0.37,12.1
7.0,0.21,0.28,8.6,0.045,37.0,221.0,0.9954,3.25,0.54,10.4
8.5,0.19,0.48,1.1,0.026000000000000002,23.0,58.0,0.9918399999999999,2.9,0.5,10.5
6.8,0.27,0.42,7.3,0.054000000000000006,58.0,200.0,0.99556,3.12,0.49,9.4
6.5,0.37,0.33,3.9,0.027000000000000003,40.0,130.0,0.9906,3.28,0.39,12.7
6.1,0.17,0.42,15.1,0.033,28.0,124.0,0.99684,2.87,0.47,9.5
7.0,0.16,0.32,8.3,0.045,38.0,126.0,0.9958,3.21,0.34,9.2
6.8,0.17,0.34,2.0,0.04,38.0,111.0,0.99,3.24,0.45,12.9
5.6,0.19,0.26,1.4,0.03,12.0,76.0,0.9905,3.25,0.37,10.9
6.5,0.21,0.35,5.7,0.043,47.0,197.0,0.99392,3.24,0.5,10.1
6.8,0.18,0.3,12.8,0.062,19.0,171.0,0.99808,3.0,0.52,9.0
6.6,0.22,0.37,15.4,0.035,62.0,153.0,0.99845,3.02,0.4,9.3
8.0,0.18,0.49,1.8,0.061,10.0,145.0,0.9942,3.23,0.48,10.0
6.6,0.22,0.23,17.3,0.047,37.0,118.0,0.9990600000000001,3.08,0.46,8.8
8.0,0.2,0.44,1.0,0.057,24.0,111.0,0.9915799999999999,3.09,0.32,11.2
6.7,0.21,0.48,14.8,0.05,31.0,195.0,0.9994200000000001,2.95,0.75,8.8
7.6,0.3,0.37,1.6,0.087,27.0,177.0,0.9943799999999999,3.09,0.5,9.8
7.0,0.22,0.28,10.6,0.039,32.0,117.0,0.99355,3.05,0.55,11.5
7.5,0.42,0.34,4.3,0.04,34.0,108.0,0.99155,3.14,0.45,12.8
6.2,0.28,0.33,1.7,0.028999999999999998,24.0,111.0,0.99,3.24,0.5,12.1
7.4,0.21,0.27,1.2,0.040999999999999995,27.0,99.0,0.9927,3.19,0.33,9.8
8.0,0.13,0.25,1.1,0.033,15.0,86.0,0.99044,2.98,0.39,11.2
6.4,0.33,0.28,1.1,0.038,30.0,110.0,0.9917,3.12,0.42,10.5
6.9,0.44,0.27,5.0,0.038,33.0,166.0,0.99124,3.2,0.42,12.2
7.0,0.32,0.24,6.2,0.048,31.0,228.0,0.9957,3.23,0.62,9.4
7.4,0.16,0.27,15.5,0.05,25.0,135.0,0.9984,2.9,0.43,8.7
5.6,0.26,0.18,1.4,0.034,18.0,135.0,0.99174,3.32,0.35,10.2
7.0,0.39,0.31,5.3,0.16899999999999998,32.0,162.0,0.9965,3.2,0.48,9.4
6.8,0.15,0.32,8.8,0.057999999999999996,24.0,110.0,0.9972,3.4,0.4,8.8
6.0,0.22,0.25,11.1,0.055999999999999994,112.0,177.0,0.9961,3.08,0.36,9.4
6.3,0.3,0.91,8.2,0.034,50.0,199.0,0.9939399999999999,3.39,0.49,11.7
6.6,0.26,0.56,15.4,0.053,32.0,141.0,0.9981,3.11,0.49,9.3
8.7,0.31,0.73,14.35,0.044000000000000004,27.0,191.0,1.00013,2.96,0.88,8.7
7.2,0.13,0.46,1.3,0.044000000000000004,48.0,111.0,0.9912700000000001,2.97,0.45,11.1
7.6,0.285,0.32,14.6,0.063,32.0,201.0,0.998,3.0,0.45,9.2
7.1,0.44,0.37,2.7,0.040999999999999995,35.0,128.0,0.9896,3.07,0.43,13.5
5.8,0.28,0.3,1.5,0.026000000000000002,31.0,114.0,0.9895200000000001,3.32,0.6,12.5
6.0,0.17,0.33,6.0,0.036000000000000004,30.0,111.0,0.9936200000000001,3.32,0.58,10.1333333333333
8.4,0.23,0.32,1.3,0.048,59.0,113.0,0.9917799999999999,3.1,0.55,11.0
7.3,0.18,0.31,17.3,0.055,32.0,197.0,1.0002,3.13,0.46,9.0
7.1,0.28,0.26,2.8,0.039,50.0,118.0,0.9908,3.06,0.59,11.2
6.9,0.29,0.3,8.2,0.026000000000000002,35.0,112.0,0.99144,3.0,0.37,12.3
6.6,0.23,0.18,8.5,0.044000000000000004,59.0,188.0,0.9955799999999999,3.16,0.49,9.5
7.0,0.31,0.35,1.6,0.063,13.0,119.0,0.9918399999999999,3.22,0.5,10.7
7.1,0.17,0.31,1.6,0.037000000000000005,15.0,103.0,0.991,3.14,0.5,12.0
6.6,0.62,0.2,8.7,0.046,81.0,224.0,0.99605,3.17,0.44,9.3
6.2,0.32,0.16,7.0,0.045,30.0,136.0,0.9949,3.18,0.47,9.6
6.4,0.15,0.36,1.8,0.034,43.0,150.0,0.9922,3.42,0.69,11.0
5.7,0.4,0.35,5.1,0.026000000000000002,17.0,113.0,0.9905200000000001,3.18,0.67,12.4
7.0,0.23,0.28,2.7,0.053,16.0,92.0,0.99372,3.18,0.56,9.3
6.7,0.48,0.49,2.9,0.03,28.0,122.0,0.98926,3.13,0.4,13.0
6.5,0.41,0.24,14.0,0.048,24.0,113.0,0.9982,3.44,0.53,9.8
7.2,0.23,0.32,8.5,0.057999999999999996,47.0,186.0,0.9956,3.19,0.4,9.9
7.3,0.24,0.41,13.6,0.05,41.0,178.0,0.9988,3.37,0.43,9.7
5.4,0.33,0.31,4.0,0.03,27.0,108.0,0.99031,3.3,0.43,12.2
6.4,0.26,0.42,9.7,0.044000000000000004,30.0,140.0,0.9962,3.18,0.47,9.1
8.0,0.14,0.49,1.5,0.035,42.0,120.0,0.9928,3.26,0.4,10.6
6.7,0.17,0.5,2.1,0.043,27.0,122.0,0.9923,3.15,0.45,10.3
5.8,0.15,0.28,0.8,0.037000000000000005,43.0,127.0,0.99198,3.24,0.51,9.3
7.2,0.4,0.49,1.1,0.048,11.0,138.0,0.9929,3.01,0.42,9.3
7.6,0.28,0.49,20.15,0.06,30.0,145.0,1.00196,3.01,0.44,8.5
5.3,0.31,0.38,10.5,0.031,53.0,140.0,0.99321,3.34,0.46,11.7
4.8,0.21,0.21,10.2,0.037000000000000005,17.0,112.0,0.99324,3.66,0.48,12.2
6.2,0.23,0.23,1.2,0.018000000000000002,18.0,128.0,0.9917799999999999,3.05,0.28,10.6
6.8,0.18,0.3,12.8,0.062,19.0,171.0,0.99808,3.0,0.52,9.0
7.3,0.28,0.54,12.9,0.049,62.0,162.5,0.9984,3.06,0.45,9.1
7.5,0.31,0.51,14.8,0.039,62.0,204.0,0.9982,3.06,0.6,9.5
6.5,0.19,0.1,1.3,0.046,23.0,107.0,0.9937,3.29,0.45,10.0
7.0,0.27,0.32,6.8,0.047,47.0,193.0,0.9938,3.23,0.39,11.4
8.3,0.15,0.39,1.3,0.055,32.0,146.0,0.993,3.08,0.39,10.5
7.5,0.23,0.68,11.0,0.047,37.0,133.0,0.9978,2.99,0.38,8.8
8.3,0.41,0.51,2.0,0.046,11.0,207.0,0.993,3.02,0.55,11.4
8.1,0.22,0.28,7.7,0.043,57.0,176.0,0.9954,3.12,0.55,10.0
6.3,0.22,0.27,4.5,0.036000000000000004,81.0,157.0,0.9928,3.05,0.76,10.7
7.1,0.43,0.61,11.8,0.045,54.0,155.0,0.9974,3.11,0.45,8.7
6.1,0.43,0.35,9.1,0.059000000000000004,83.0,249.0,0.9971,3.37,0.5,8.5
4.8,0.26,0.23,10.6,0.034,23.0,111.0,0.99274,3.46,0.28,11.5
6.9,0.34,0.3,4.7,0.028999999999999998,34.0,148.0,0.99165,3.36,0.49,12.3
6.5,0.22,0.25,17.1,0.05,44.0,138.0,1.0001,3.3,0.37,8.8
6.6,0.16,0.57,1.1,0.13,58.0,140.0,0.9927,3.12,0.39,9.3
5.8,0.24,0.39,1.5,0.054000000000000006,37.0,158.0,0.9932,3.21,0.52,9.3
7.3,0.26,0.33,11.8,0.057,48.0,127.0,0.9969299999999999,3.1,0.55,10.0
7.2,0.25,0.39,18.95,0.038,42.0,155.0,0.9999,2.97,0.47,9.0
6.5,0.17,0.31,1.5,0.040999999999999995,34.0,121.0,0.99092,3.06,0.46,10.5
7.3,0.3,0.74,13.5,0.039,46.0,165.0,0.9982,3.02,0.4,8.7
5.6,0.21,0.4,1.3,0.040999999999999995,81.0,147.0,0.9901,3.22,0.95,11.6
7.6,0.26,0.47,1.6,0.068,5.0,55.0,0.9944,3.1,0.45,9.6
7.1,0.37,0.32,1.4,0.037000000000000005,27.0,126.0,0.9918,3.19,0.62,12.0
6.6,0.21,0.36,0.8,0.034,48.0,113.0,0.99165,3.24,0.68,10.5
7.2,0.18,0.31,1.1,0.045,20.0,73.0,0.9925,3.32,0.4,10.8
9.1,0.33,0.38,1.7,0.062,50.5,344.0,0.9958,3.1,0.7,9.5
6.6,0.32,0.34,7.7,0.044000000000000004,63.0,212.0,0.99526,3.22,0.48,9.7
6.9,0.16,0.3,9.6,0.057,50.0,185.0,0.9978,3.39,0.38,9.6
6.2,0.22,0.28,2.2,0.04,24.0,125.0,0.9917,3.19,0.48,10.5
6.1,0.28,0.24,19.95,0.07400000000000001,32.0,174.0,0.9992200000000001,3.19,0.44,9.3
5.8,0.23,0.31,3.5,0.044000000000000004,35.0,158.0,0.98998,3.19,0.37,12.1
5.3,0.32,0.23,9.65,0.026000000000000002,26.0,119.0,0.9916799999999999,3.18,0.53,12.2
6.9,0.34,0.74,11.2,0.069,44.0,150.0,0.9968,3.0,0.81,9.2
6.2,0.43,0.49,6.4,0.045,12.0,115.0,0.9963,3.27,0.57,9.0
7.4,0.37,0.35,5.7,0.061,12.0,94.0,0.9965,3.48,0.69,10.7
8.2,0.37,0.36,1.0,0.034,17.0,93.0,0.9906,3.04,0.32,11.7
7.0,0.34,0.26,10.3,0.040999999999999995,51.0,166.0,0.99382,3.08,0.35,11.6
6.5,0.25,0.27,15.2,0.049,75.0,217.0,0.9972,3.19,0.39,9.9
6.7,0.26,0.29,7.1,0.036000000000000004,28.0,100.0,0.99534,3.08,0.36,9.3
7.9,0.42,0.49,8.2,0.055999999999999994,32.0,164.0,0.9965,3.29,0.6,11.2
7.1,0.13,0.4,1.2,0.047,54.0,134.0,0.9932,3.3,0.97,9.8
7.0,0.28,0.33,14.6,0.043,47.0,168.0,0.9994,3.34,0.67,8.8
7.2,0.08,0.49,1.3,0.05,18.0,148.0,0.9945,3.46,0.44,10.2
6.6,0.17,0.3,1.1,0.031,13.0,73.0,0.99095,3.17,0.58,11.0
6.6,0.24,0.27,15.8,0.035,46.0,188.0,0.9982,3.24,0.51,9.2
6.4,0.24,0.5,11.6,0.047,60.0,211.0,0.9966,3.18,0.57,9.3
5.5,0.32,0.13,1.3,0.037000000000000005,45.0,156.0,0.9918399999999999,3.26,0.38,10.7
7.6,0.22,0.28,12.0,0.055999999999999994,68.0,143.0,0.9983,2.99,0.3,9.2
6.8,0.24,0.35,6.4,0.048,44.0,172.0,0.9944,3.29,0.55,10.5
7.7,0.32,0.48,2.3,0.04,28.0,114.0,0.9911,3.2,0.52,12.8
8.9,0.21,0.34,7.1,0.037000000000000005,33.0,150.0,0.9962,3.1,0.45,9.7
6.8,0.25,0.18,1.4,0.055999999999999994,13.0,137.0,0.9935,3.11,0.42,9.5
6.4,0.22,0.49,7.5,0.054000000000000006,42.0,151.0,0.9948,3.27,0.52,10.1
6.4,0.42,0.46,8.4,0.05,58.0,180.0,0.99495,3.18,0.46,9.7
7.2,0.585,0.2,10.4,0.086,17.0,94.0,0.9968100000000001,3.13,0.4,9.4
7.1,0.43,0.61,11.8,0.045,54.0,155.0,0.9974,3.11,0.45,8.7
7.9,0.28,0.32,3.6,0.038,9.0,76.0,0.992,3.05,0.31,11.7
6.8,0.29,0.22,3.4,0.035,40.0,122.0,0.99024,3.09,0.47,12.3
7.9,0.17,0.32,1.6,0.053,47.0,150.0,0.9948,3.29,0.76,9.6
6.9,0.615,0.42,12.0,0.067,24.0,131.0,0.9972700000000001,3.19,0.34,9.3
7.4,0.31,0.26,8.6,0.048,47.0,206.0,0.9964,3.26,0.36,9.1
5.6,0.13,0.27,4.8,0.027999999999999997,22.0,104.0,0.9948,3.34,0.45,9.2
5.9,0.26,0.3,1.0,0.036000000000000004,38.0,114.0,0.9928,3.58,0.48,9.4
6.8,0.25,0.24,4.55,0.053,41.0,211.0,0.9955,3.37,0.67,9.5
5.8,0.23,0.27,1.8,0.043,24.0,69.0,0.9933,3.38,0.31,9.4
8.1,0.2,0.49,8.1,0.051,51.0,205.0,0.9954,3.1,0.52,11.0
8.7,0.45,0.4,1.5,0.067,17.0,100.0,0.9957,3.27,0.57,10.1
6.0,0.26,0.42,5.2,0.027000000000000003,70.0,178.0,0.9914,3.4,0.4,12.3
7.4,0.22,0.28,9.0,0.046,22.0,121.0,0.9946799999999999,3.1,0.55,10.8
5.9,0.19,0.21,1.7,0.045,57.0,135.0,0.99341,3.32,0.44,9.5
7.2,0.25,0.32,1.5,0.054000000000000006,24.0,105.0,0.99154,3.17,0.48,11.1
6.4,0.12,0.49,6.4,0.042,49.0,161.0,0.9945,3.34,0.44,10.4
6.0,0.33,0.2,1.8,0.031,49.0,159.0,0.9919,3.41,0.53,11.0
6.2,0.45,0.73,7.2,0.099,47.0,202.0,0.99582,3.21,0.43,9.2
10.7,0.22,0.56,8.2,0.044000000000000004,37.0,181.0,0.998,2.87,0.68,9.5
6.9,0.23,0.24,14.2,0.053,19.0,94.0,0.9982,3.17,0.5,9.6
5.6,0.35,0.14,5.0,0.046,48.0,198.0,0.9937,3.3,0.71,10.3
7.0,0.17,0.74,12.8,0.045,24.0,126.0,0.9942,3.26,0.38,12.2
7.9,0.33,0.28,31.6,0.053,35.0,176.0,1.0103,3.15,0.38,8.8
6.7,0.13,0.28,1.2,0.046,35.0,140.0,0.9927,3.33,0.33,10.1
6.9,0.2,0.28,1.2,0.048,36.0,159.0,0.9936,3.19,0.43,9.1
6.9,0.23,0.33,12.8,0.055999999999999994,44.0,169.0,0.998,3.42,0.42,9.8
7.7,0.27,0.34,1.8,0.027999999999999997,26.0,168.0,0.9911,2.99,0.48,12.1
6.6,0.35,0.19,10.5,0.06,15.0,82.0,0.9958799999999999,3.13,0.38,9.9
6.2,0.46,0.25,4.4,0.066,62.0,207.0,0.9939,3.25,0.52,9.8
8.2,0.23,0.4,7.5,0.049,12.0,76.0,0.9966,3.06,0.84,9.7
6.6,0.38,0.15,4.6,0.044000000000000004,25.0,78.0,0.9931,3.11,0.38,10.2
7.8,0.21,0.39,1.8,0.034,62.0,180.0,0.991,3.09,0.75,12.6
6.4,0.21,0.34,16.05,0.04,56.0,142.0,0.9967799999999999,3.11,0.38,10.6
6.7,0.31,0.31,9.9,0.04,10.0,175.0,0.9953,3.46,0.55,11.4
8.3,0.36,0.57,15.0,0.052000000000000005,35.0,256.0,1.0001,2.93,0.64,8.6
7.2,0.39,0.62,11.0,0.047,66.0,178.0,0.9976,3.16,0.5,8.7
7.4,0.3,0.22,5.25,0.053,33.0,180.0,0.9926,3.13,0.45,11.6
6.8,0.33,0.3,2.1,0.047,35.0,147.0,0.9886,3.24,0.56,13.4
7.6,0.33,0.35,6.3,0.036000000000000004,12.0,126.0,0.9924,3.16,0.39,12.0
6.3,0.305,0.22,16.0,0.061,26.0,141.0,0.99824,3.08,0.5,9.1
8.2,0.37,0.27,1.7,0.027999999999999997,10.0,59.0,0.9923,2.97,0.48,10.4
8.2,0.21,0.48,1.4,0.040999999999999995,11.0,99.0,0.9958,3.17,0.57,9.9
6.4,0.14,0.31,1.2,0.034,53.0,138.0,0.9908399999999999,3.38,0.35,11.5
8.5,0.25,0.27,4.7,0.031,31.0,92.0,0.9922,3.01,0.33,12.0
6.1,0.28,0.27,8.0,0.048,41.0,162.0,0.99498,3.21,0.51,9.9
6.7,0.54,0.28,5.4,0.06,21.0,105.0,0.9949,3.27,0.37,9.0
7.0,0.45,0.34,19.8,0.04,12.0,67.0,0.9976,3.07,0.38,11.0
7.3,0.205,0.31,1.7,0.06,34.0,110.0,0.9963,3.72,0.69,10.5
9.0,0.43,0.3,1.5,0.05,7.0,175.0,0.9951,3.11,0.45,9.7
8.4,0.2,0.31,2.8,0.054000000000000006,16.0,89.0,0.99416,2.96,0.45,9.5
6.5,0.27,0.26,11.0,0.03,2.0,82.0,0.9940200000000001,3.07,0.36,11.2
7.3,0.3,0.42,7.35,0.025,51.0,175.0,0.9928,3.04,0.32,11.4
7.2,0.3,0.3,8.1,0.05,40.0,188.0,0.9965200000000001,3.15,0.49,9.1
7.0,0.24,0.34,3.0,0.035,36.0,102.0,0.9905,3.18,0.43,12.2
6.4,0.45,0.07,1.1,0.03,10.0,131.0,0.9905,2.97,0.28,10.8
5.7,0.33,0.32,1.4,0.043,28.0,93.0,0.9897,3.31,0.5,12.3
5.8,0.27,0.27,12.3,0.045,55.0,170.0,0.9972,3.28,0.42,9.3
6.9,0.28,0.27,2.1,0.036000000000000004,42.0,121.0,0.9926,3.42,0.49,10.8
7.5,0.21,0.68,10.9,0.045,38.0,133.0,0.9978,3.0,0.36,8.7
6.5,0.2,0.5,18.1,0.054000000000000006,50.0,221.0,0.99941,2.94,0.64,8.8
6.8,0.28,0.6,1.1,0.132,42.0,127.0,0.9934,3.09,0.44,9.1
6.7,0.31,0.32,14.5,0.038,6.0,79.0,0.9941200000000001,3.14,0.34,12.5
7.5,0.14,0.74,1.6,0.035,21.0,126.0,0.9933,3.26,0.45,10.2
6.5,0.28,0.34,3.6,0.04,29.0,121.0,0.99111,3.28,0.48,12.1
6.7,0.17,0.27,1.4,0.032,39.0,149.0,0.99254,3.4,0.52,10.5
7.0,0.14,0.28,1.3,0.026000000000000002,10.0,56.0,0.9935200000000001,3.46,0.45,9.9
6.9,0.15,0.28,4.4,0.028999999999999998,14.0,107.0,0.9934700000000001,3.24,0.46,10.4
6.5,0.27,0.19,4.2,0.046,6.0,114.0,0.9955,3.25,0.35,8.6
7.7,0.28,0.29,6.9,0.040999999999999995,29.0,163.0,0.9952,3.44,0.6,10.5
6.4,0.34,0.44,8.2,0.043,54.0,201.0,0.99551,3.18,0.48,9.5
6.4,0.22,0.31,13.9,0.04,57.0,135.0,0.99672,3.21,0.38,10.7
6.9,0.19,0.31,19.25,0.043,38.0,167.0,0.99954,2.93,0.52,9.1
7.3,0.34,0.3,9.4,0.057,34.0,178.0,0.99554,3.15,0.44,10.4
7.0,0.16,0.32,8.3,0.045,38.0,126.0,0.9958,3.21,0.34,9.2
6.0,0.24,0.41,1.3,0.036000000000000004,42.0,118.0,0.99018,3.04,0.64,11.733333333333302
6.7,0.28,0.14,1.4,0.043,64.0,159.0,0.992,3.17,0.39,10.0
7.8,0.32,0.33,10.4,0.031,47.0,194.0,0.99692,3.07,0.58,9.6
6.6,0.32,0.33,2.5,0.052000000000000005,40.0,210.0,0.99316,3.15,0.6,10.0
7.6,0.21,0.6,2.1,0.046,47.0,165.0,0.9936,3.05,0.54,10.1
7.8,0.29,0.29,3.15,0.044000000000000004,41.0,117.0,0.9915299999999999,3.24,0.35,11.5
7.1,0.25,0.28,1.2,0.04,31.0,111.0,0.99174,3.18,0.53,11.1
7.4,0.2,0.37,16.95,0.048,43.0,190.0,0.9995,3.03,0.42,9.2
6.7,0.31,0.18,7.7,0.043,57.0,200.0,0.99566,3.17,0.44,9.4
6.4,0.17,0.32,2.4,0.048,41.0,200.0,0.9938,3.5,0.5,9.7
6.8,0.11,0.42,1.1,0.042,51.0,132.0,0.99059,3.18,0.74,11.3
6.6,0.24,0.22,12.3,0.051,35.0,146.0,0.9967600000000001,3.1,0.67,9.4
7.7,0.28,0.33,6.7,0.037000000000000005,32.0,155.0,0.9951,3.39,0.62,10.7
7.3,0.3,0.22,6.4,0.055999999999999994,44.0,168.0,0.9947,3.13,0.35,10.1
8.2,0.26,0.49,5.2,0.04,19.0,100.0,0.9941,3.12,0.34,10.1
6.7,0.42,0.46,9.7,0.054000000000000006,67.0,234.0,0.9984799999999999,3.23,0.5,9.0
5.0,0.27,0.32,4.5,0.032,58.0,178.0,0.98956,3.45,0.31,12.6
6.5,0.32,0.34,5.7,0.044000000000000004,27.0,91.0,0.9918399999999999,3.28,0.6,12.0
6.7,0.21,0.34,1.4,0.049,36.0,112.0,0.9909100000000001,3.02,0.5,11.0
7.5,0.3,0.32,1.4,0.032,31.0,161.0,0.99154,2.95,0.42,10.5
6.8,0.21,0.62,6.4,0.040999999999999995,7.0,113.0,0.9935799999999999,2.96,0.59,10.2
6.4,0.28,0.56,1.7,0.156,49.0,106.0,0.99354,3.1,0.37,9.2
6.6,0.21,0.29,5.35,0.028999999999999998,43.0,106.0,0.9911200000000001,2.93,0.43,11.5
6.8,0.38,0.29,9.9,0.037000000000000005,40.0,146.0,0.99326,3.11,0.37,11.5
6.3,0.35,0.3,5.7,0.035,8.0,97.0,0.9927,3.27,0.41,11.0
7.6,0.3,0.27,10.6,0.039,31.0,119.0,0.99815,3.27,0.3,9.3
6.6,0.29,0.31,3.9,0.027000000000000003,39.0,96.0,0.99035,3.24,0.6,12.6
6.6,0.32,0.27,10.9,0.040999999999999995,37.0,146.0,0.9963,3.24,0.47,10.0
6.0,0.26,0.32,3.8,0.028999999999999998,48.0,180.0,0.99011,3.15,0.34,12.0
6.4,0.19,0.42,2.9,0.032,32.0,83.0,0.9908,3.3,0.41,11.7
9.8,0.44,0.4,2.8,0.036000000000000004,35.0,167.0,0.9956,2.97,0.39,9.2
6.4,0.38,0.24,7.2,0.047,41.0,151.0,0.9960399999999999,3.11,0.6,9.2
6.1,0.15,0.29,6.2,0.046,39.0,151.0,0.99471,3.6,0.44,10.6
6.6,0.23,0.3,14.9,0.051,33.0,118.0,0.99835,3.04,0.54,9.0
6.9,0.26,0.38,10.5,0.044000000000000004,33.0,139.0,0.9951700000000001,3.06,0.5,10.3
8.5,0.23,0.34,1.3,0.035,54.0,110.0,0.9917600000000001,3.07,0.55,11.0
8.5,0.25,0.31,2.8,0.032,11.0,61.0,0.9918899999999999,3.06,0.44,11.5
6.3,0.35,0.26,17.6,0.061,59.0,198.0,0.99918,3.11,0.49,8.8
7.6,0.48,0.33,7.0,0.024,14.0,130.0,0.9918,3.25,0.45,12.5
7.3,0.24,0.43,2.0,0.021,20.0,69.0,0.99,3.08,0.56,12.2
8.0,0.33,0.35,10.0,0.035,22.0,108.0,0.9945700000000001,3.12,0.36,11.6
5.9,0.2,0.4,1.3,0.047,23.0,92.0,0.9923200000000001,3.2,0.45,10.0
7.7,0.28,0.63,11.1,0.039,58.0,179.0,0.9979,3.08,0.44,8.8
6.5,0.17,0.33,1.4,0.027999999999999997,14.0,99.0,0.9928,3.23,0.55,10.1
4.8,0.225,0.38,1.2,0.07400000000000001,47.0,130.0,0.9913200000000001,3.31,0.4,10.3
7.1,0.34,0.32,2.0,0.051,29.0,130.0,0.99354,3.3,0.5,10.4
6.6,0.19,0.25,1.2,0.052000000000000005,34.0,181.0,0.9935200000000001,3.3,0.42,9.4
7.8,0.17,0.23,1.7,0.028999999999999998,39.0,128.0,0.99272,3.37,0.41,10.7
6.5,0.43,0.28,11.25,0.032,31.0,87.0,0.9922,3.02,0.38,12.4
6.7,0.41,0.24,5.4,0.035,33.0,115.0,0.9901,3.12,0.44,12.8933333333333
6.4,0.29,0.3,6.5,0.209,62.0,156.0,0.9947799999999999,3.1,0.4,9.4
8.1,0.27,0.33,1.3,0.045,26.0,100.0,0.99066,2.98,0.44,12.4
6.5,0.29,0.25,2.5,0.142,8.0,111.0,0.9927,3.0,0.44,9.9
6.9,0.3,0.3,1.3,0.053,24.0,186.0,0.99361,3.29,0.54,9.9
7.4,0.31,0.26,8.6,0.048,47.0,206.0,0.9964,3.26,0.36,9.1
6.5,0.2,0.31,2.1,0.033,32.0,95.0,0.9894350000000001,2.96,0.61,12.0
6.7,0.18,0.28,10.2,0.039,29.0,115.0,0.99469,3.11,0.45,10.9
7.1,0.47,0.29,14.8,0.024,22.0,142.0,0.99518,3.12,0.48,12.0
6.0,0.45,0.65,9.7,0.08,11.0,159.0,0.9956,3.04,0.48,9.4
6.4,0.25,0.32,5.5,0.049,41.0,176.0,0.995,3.19,0.68,9.2
8.1,0.26,0.33,11.1,0.052000000000000005,52.5,158.0,0.9976,3.03,0.49,10.2
7.7,0.4,0.27,4.5,0.034,27.0,95.0,0.99175,3.21,0.59,12.3
6.7,0.21,0.42,9.1,0.049,31.0,150.0,0.9953,3.12,0.74,9.9
7.3,0.2,0.44,1.4,0.045,21.0,98.0,0.9924,3.15,0.46,10.0
5.6,0.29,0.05,0.8,0.038,11.0,30.0,0.9924,3.36,0.35,9.2
6.5,0.26,0.34,1.4,0.04,25.0,184.0,0.99216,3.29,0.46,10.7
5.3,0.16,0.39,1.0,0.027999999999999997,40.0,101.0,0.99156,3.57,0.59,10.6
6.1,0.35,0.07,1.4,0.069,22.0,108.0,0.9934,3.23,0.52,9.2
6.4,0.29,0.57,1.0,0.06,15.0,120.0,0.9924,3.06,0.41,9.5
6.9,0.115,0.35,5.4,0.048,36.0,108.0,0.9939,3.32,0.42,10.2
7.6,0.18,0.36,2.4,0.049,38.0,123.0,0.996,3.6,0.46,10.3
6.6,0.32,0.33,2.5,0.052000000000000005,40.0,219.5,0.99316,3.15,0.6,10.0
6.8,0.28,0.43,7.6,0.03,30.0,110.0,0.99164,3.08,0.59,12.5
4.8,0.65,0.12,1.1,0.013000000000000001,4.0,10.0,0.99246,3.32,0.36,13.5
7.0,0.2,0.4,1.1,0.057999999999999996,30.0,93.0,0.9932200000000001,3.03,0.38,9.2
6.3,0.67,0.48,12.6,0.052000000000000005,57.0,222.0,0.9979,3.17,0.52,9.3
6.4,0.43,0.27,1.1,0.054000000000000006,5.0,110.0,0.9939,3.24,0.52,9.1
7.7,0.18,0.3,1.2,0.046,49.0,199.0,0.99413,3.03,0.38,9.3
6.6,0.37,0.47,6.5,0.061,23.0,150.0,0.9954,3.14,0.45,9.6
7.1,0.365,0.14,1.2,0.055,24.0,84.0,0.9941,3.15,0.43,8.9
7.6,0.17,0.27,4.6,0.05,23.0,98.0,0.9942200000000001,3.08,0.47,9.5
6.3,0.23,0.22,3.75,0.039,37.0,116.0,0.9927,3.23,0.5,10.7
7.0,0.25,0.32,9.0,0.046,56.0,245.0,0.9955,3.25,0.5,10.4
6.2,0.2,0.32,2.8,0.05,17.0,126.0,0.9936,3.18,0.55,9.4
6.4,0.5,0.2,2.4,0.059000000000000004,19.0,112.0,0.9931399999999999,3.18,0.4,9.2
6.0,0.17,0.3,7.3,0.039,39.0,104.0,0.9925200000000001,2.91,0.57,11.0
6.4,0.31,0.31,12.9,0.045,55.0,161.0,0.99546,3.02,0.59,10.2
6.8,0.32,0.32,8.7,0.028999999999999998,31.0,105.0,0.99146,3.0,0.34,12.3
7.5,0.29,0.24,9.9,0.057999999999999996,25.0,115.0,0.99567,3.15,0.46,10.9
6.7,0.37,0.41,6.3,0.061,22.0,149.0,0.9953,3.16,0.47,9.6
8.0,0.17,0.29,2.4,0.028999999999999998,52.0,119.0,0.98944,3.03,0.33,12.9
6.6,0.27,0.33,1.4,0.042,24.0,183.0,0.99215,3.29,0.46,10.7
7.4,0.31,0.74,10.7,0.039,51.0,147.0,0.9977,3.02,0.43,8.7
6.8,0.34,0.1,1.4,0.049,29.0,118.0,0.9936,3.21,0.41,9.5
6.8,0.2,0.25,6.2,0.052000000000000005,22.0,106.0,0.9935,3.09,0.54,10.8
7.4,0.16,0.49,1.2,0.055,18.0,150.0,0.9917,3.23,0.47,11.2
6.2,0.35,0.2,18.1,0.069,33.0,158.0,0.99908,3.15,0.5,8.8
8.2,0.37,0.64,13.9,0.043,22.0,171.0,0.9987299999999999,2.99,0.8,9.3
6.6,0.25,0.41,7.4,0.043,29.0,151.0,0.9946,3.15,0.6,10.2
7.9,0.29,0.39,6.7,0.036000000000000004,6.0,117.0,0.9938,3.12,0.42,10.7
6.5,0.38,0.26,5.2,0.042,33.0,112.0,0.99067,3.06,0.5,12.3
6.5,0.28,0.28,20.4,0.040999999999999995,40.0,144.0,1.0002,3.14,0.38,8.7
7.9,0.37,0.3,2.7,0.028999999999999998,64.0,158.0,0.9916,3.12,0.59,12.0
6.5,0.23,0.45,2.1,0.027000000000000003,43.0,104.0,0.99054,3.02,0.52,11.3
7.2,0.24,0.27,11.4,0.034,40.0,174.0,0.9977299999999999,3.2,0.44,9.0
6.3,0.34,0.27,2.5,0.024,40.0,152.0,0.99095,3.35,0.6,11.9
6.9,0.41,0.33,10.1,0.043,28.0,152.0,0.9968,3.2,0.52,9.4
7.4,0.19,0.3,12.8,0.053,48.5,229.0,0.9986,3.14,0.49,9.1
7.2,0.2,0.61,16.2,0.043,14.0,103.0,0.9987,3.06,0.36,9.2
7.5,0.33,0.38,8.7,0.126,49.0,199.0,0.99711,2.98,0.57,9.4
6.9,0.33,0.26,5.0,0.027000000000000003,46.0,143.0,0.9924,3.25,0.43,11.2
5.8,0.415,0.13,1.4,0.04,11.0,64.0,0.9922,3.29,0.52,10.5
6.9,0.27,0.25,7.5,0.03,18.0,117.0,0.99116,3.09,0.38,13.0
6.1,0.34,0.24,18.35,0.05,33.0,184.0,0.9994299999999999,3.12,0.61,9.3
6.6,0.31,0.38,16.05,0.057999999999999996,16.0,165.0,0.9997,3.38,0.6,9.2
8.4,0.27,0.46,8.7,0.048,39.0,197.0,0.9974,3.14,0.59,9.6
6.5,0.48,0.02,0.9,0.043,32.0,99.0,0.99226,3.14,0.47,9.8
5.8,0.3,0.38,4.9,0.039,22.0,86.0,0.9896299999999999,3.23,0.58,13.1
6.5,0.24,0.32,7.6,0.038,48.0,203.0,0.9958,3.45,0.54,9.7
7.1,0.26,0.37,5.5,0.025,31.0,105.0,0.99082,3.06,0.33,12.6
6.4,0.22,0.3,11.2,0.046,53.0,149.0,0.99479,3.21,0.34,10.8
6.0,0.28,0.52,6.2,0.027999999999999997,37.0,104.0,0.99161,3.28,0.51,11.8
7.2,0.24,0.19,7.7,0.045,53.0,176.0,0.9958,3.17,0.38,9.5
6.1,0.27,0.44,6.7,0.040999999999999995,61.0,230.0,0.99505,3.12,0.4,8.9
5.8,0.25,0.28,11.1,0.055999999999999994,45.0,175.0,0.99755,3.42,0.43,9.5
6.9,0.24,0.33,1.7,0.035,47.0,136.0,0.99,3.26,0.4,12.6
7.4,0.27,0.26,11.8,0.053,55.0,173.0,0.9969899999999999,3.11,0.6,9.8
7.9,0.18,0.36,5.9,0.057999999999999996,31.0,132.0,0.995,3.25,0.52,10.9
6.3,0.2,0.58,1.4,0.204,15.0,97.0,0.9931,3.16,0.43,10.0
8.3,0.18,0.3,1.1,0.033,20.0,57.0,0.9910899999999999,3.02,0.51,11.0
6.6,0.25,0.36,8.1,0.045,54.0,180.0,0.9958,3.08,0.42,9.2
7.6,0.19,0.37,13.1,0.033,52.0,151.0,0.99726,3.18,0.79,10.4
5.7,0.27,0.16,9.0,0.053,32.0,111.0,0.99474,3.36,0.37,10.4
5.8,0.31,0.32,4.5,0.024,28.0,94.0,0.98906,3.25,0.52,13.7
8.0,0.26,0.28,4.8,0.05,34.0,150.0,0.9943700000000001,3.13,0.5,10.0
5.7,0.15,0.28,3.7,0.045,57.0,151.0,0.9913,3.22,0.27,11.2
7.3,0.28,0.37,1.2,0.039,26.0,99.0,0.99198,3.01,0.62,10.8
6.7,0.35,0.48,8.8,0.055999999999999994,35.0,167.0,0.9962799999999999,3.04,0.47,9.4
5.9,0.21,0.31,1.8,0.033,45.0,142.0,0.9898399999999999,3.35,0.5,12.7
5.7,0.245,0.33,1.1,0.049,28.0,150.0,0.9927,3.13,0.42,9.3
5.5,0.35,0.35,1.1,0.045,14.0,167.0,0.992,3.34,0.68,9.9
6.3,0.41,0.16,0.9,0.032,25.0,98.0,0.99274,3.16,0.42,9.5
6.2,0.17,0.3,1.1,0.037000000000000005,14.0,79.0,0.993,3.5,0.54,10.3
7.4,0.29,0.31,1.7,0.035,23.0,110.0,0.9926,3.07,0.38,10.9
7.0,0.3,0.27,1.5,0.076,24.0,145.0,0.99344,3.1,0.52,10.1
6.3,0.34,0.28,14.7,0.047,49.0,198.0,0.9977,3.23,0.46,9.5
7.0,0.31,0.26,7.4,0.069,28.0,160.0,0.9954,3.13,0.46,9.8
7.8,0.31,0.4,1.6,0.027000000000000003,20.0,87.0,0.9911,3.15,0.48,11.9
6.3,0.27,0.46,11.75,0.037000000000000005,61.0,212.0,0.9971,3.25,0.53,9.5
6.9,0.29,0.4,19.45,0.043,36.0,156.0,0.9996,2.93,0.47,8.9
6.0,0.555,0.26,4.5,0.053,17.0,126.0,0.9943,3.24,0.46,9.1
6.4,0.17,0.27,9.9,0.047,26.0,101.0,0.9959600000000001,3.34,0.5,9.9
6.2,0.1,0.41,1.0,0.04,17.0,76.0,0.98988,3.14,0.56,11.4
7.3,0.25,0.36,2.1,0.034,30.0,177.0,0.99085,3.25,0.4,11.9
6.9,0.22,0.32,5.8,0.040999999999999995,20.0,119.0,0.9929600000000001,3.17,0.55,11.2
7.4,0.25,0.36,13.2,0.067,53.0,178.0,0.9976,3.01,0.48,9.0
6.4,0.32,0.26,7.9,0.05,53.0,180.0,0.9951399999999999,3.14,0.5,9.6
6.0,0.41,0.05,1.5,0.063,17.0,120.0,0.9932,3.21,0.56,9.2
5.9,0.2,0.28,1.0,0.043,45.0,100.0,0.9903299999999999,3.4,0.41,11.4
7.1,0.21,0.32,2.2,0.037000000000000005,28.0,141.0,0.993,3.2,0.57,10.0
7.1,0.17,0.43,1.3,0.023,33.0,132.0,0.99067,3.11,0.56,11.7
6.8,0.32,0.28,4.8,0.034,25.0,100.0,0.99026,3.08,0.47,12.4
6.7,0.12,0.36,2.3,0.039,43.0,125.0,0.99229,3.07,0.67,10.1
7.4,0.28,0.36,1.1,0.027999999999999997,42.0,105.0,0.9893,2.99,0.39,12.4
6.3,0.15,0.34,11.4,0.05,25.0,96.0,0.99754,3.21,0.49,10.0
7.9,0.19,0.45,1.5,0.045,17.0,96.0,0.9917,3.13,0.39,11.0
6.8,0.28,0.29,11.9,0.052000000000000005,51.0,149.0,0.99544,3.02,0.58,10.4
7.1,0.26,0.34,14.4,0.067,35.0,189.0,0.9986,3.07,0.53,9.1
7.5,0.23,0.3,1.2,0.03,27.0,80.0,0.99192,3.05,0.68,10.5
7.3,0.27,0.37,9.7,0.042,36.0,130.0,0.9979,3.48,0.75,9.9
6.8,0.34,0.36,8.9,0.028999999999999998,44.0,128.0,0.99318,3.28,0.35,11.95
6.4,0.13,0.28,0.9,0.045,32.0,87.0,0.99175,3.47,0.52,11.2
6.2,0.21,0.27,1.7,0.038,41.0,150.0,0.9933,3.49,0.71,10.5
9.3,0.34,0.49,7.3,0.052000000000000005,30.0,146.0,0.998,3.17,0.61,10.2
6.0,0.2,0.25,2.0,0.040999999999999995,30.0,95.0,0.9907799999999999,3.27,0.56,11.1
7.0,0.15,0.38,15.3,0.045,54.0,120.0,0.9975,3.18,0.42,9.8
6.6,0.26,0.28,9.4,0.027999999999999997,13.0,121.0,0.99254,3.17,0.34,12.1
7.2,0.24,0.29,2.2,0.037000000000000005,37.0,102.0,0.992,3.27,0.64,11.0
7.6,0.26,0.58,7.9,0.040999999999999995,62.0,180.0,0.9966,3.07,0.38,9.0
6.1,0.32,0.37,1.8,0.051,13.0,200.0,0.9945,3.49,0.44,10.5
6.6,0.35,0.29,14.4,0.044000000000000004,54.0,177.0,0.9991,3.17,0.58,8.9
7.6,0.27,0.29,2.5,0.059000000000000004,37.0,115.0,0.9932799999999999,3.09,0.37,9.8
9.8,0.36,0.46,10.5,0.038,4.0,83.0,0.9956,2.89,0.3,10.1
6.4,0.3,0.27,5.0,0.057999999999999996,27.0,151.0,0.99198,3.22,0.49,12.2
6.2,0.55,0.45,12.0,0.049,27.0,186.0,0.9974,3.17,0.5,9.3
6.9,0.2,0.36,1.5,0.031,38.0,147.0,0.9931,3.35,0.56,11.0
6.3,0.22,0.34,1.2,0.036000000000000004,32.0,96.0,0.98961,3.06,0.74,11.6
7.6,0.2,0.34,1.8,0.040999999999999995,42.0,148.0,0.99335,3.35,0.66,11.1
6.2,0.255,0.24,1.7,0.039,138.5,272.0,0.9945200000000001,3.53,0.53,9.6
5.8,0.58,0.0,1.5,0.02,33.0,96.0,0.98918,3.29,0.38,12.4
5.2,0.37,0.33,1.2,0.027999999999999997,13.0,81.0,0.9902,3.37,0.38,11.7
7.1,0.64,0.49,1.8,0.05,17.0,128.0,0.9946,3.31,0.58,10.6
6.7,0.27,0.69,1.2,0.17600000000000002,36.0,106.0,0.9928799999999999,2.96,0.43,9.2
7.7,0.27,0.35,5.3,0.03,30.0,117.0,0.992,3.11,0.42,12.2
7.8,0.19,0.32,7.4,0.015,47.0,124.0,0.9927799999999999,2.99,0.39,11.0
6.5,0.3,0.27,4.0,0.038,37.0,97.0,0.99026,3.2,0.6,12.6
6.8,0.31,0.19,3.5,0.086,30.0,130.0,0.993,2.83,0.44,9.6
6.7,0.25,0.31,1.35,0.061,30.5,218.0,0.9938799999999999,3.16,0.53,9.5
5.5,0.315,0.38,2.6,0.033,10.0,69.0,0.9909,3.12,0.59,10.8
7.4,0.2,0.37,16.95,0.048,43.0,190.0,0.9995,3.03,0.42,9.2
6.1,0.19,0.25,4.0,0.023,23.0,112.0,0.9923,3.37,0.51,11.6
6.8,0.37,0.67,1.5,0.175,16.0,98.0,0.99244,3.06,0.56,10.3
6.8,0.32,0.39,9.6,0.026000000000000002,34.0,124.0,0.9928600000000001,3.18,0.35,12.1
6.8,0.28,0.29,11.9,0.052000000000000005,51.0,149.0,0.99544,3.02,0.58,10.4
6.6,0.27,0.33,1.4,0.042,24.0,183.0,0.99215,3.29,0.46,10.7
7.9,0.345,0.51,15.3,0.047,54.0,171.0,0.9987,3.09,0.51,9.1
6.6,0.19,0.43,10.9,0.045,53.0,154.0,0.9975200000000001,3.52,0.77,10.4
7.6,0.19,0.41,1.1,0.04,38.0,143.0,0.9907,2.92,0.42,11.4
5.9,0.3,0.3,2.0,0.03,38.0,142.0,0.98892,3.41,0.41,12.9
6.3,0.34,0.19,5.8,0.040999999999999995,22.0,145.0,0.9943,3.15,0.63,9.9
7.8,0.25,0.37,1.0,0.043,10.0,80.0,0.9912799999999999,3.08,0.38,11.4
6.9,0.16,0.37,1.8,0.034,36.0,95.0,0.9895200000000001,2.93,0.59,12.0
7.2,0.39,0.63,11.0,0.044000000000000004,55.0,156.0,0.9974,3.09,0.44,8.7
6.2,0.16,0.33,1.1,0.057,21.0,82.0,0.991,3.32,0.46,10.9
6.7,0.25,0.26,13.5,0.06,50.0,156.0,0.99784,3.39,0.46,9.9
6.3,0.29,0.23,14.2,0.037000000000000005,24.0,99.0,0.9952799999999999,3.08,0.38,10.6
7.8,0.26,0.49,3.2,0.027000000000000003,28.0,87.0,0.9919,3.03,0.32,11.3
6.7,0.3,0.44,18.5,0.057,65.0,224.0,0.99956,3.11,0.53,9.1
7.8,0.27,0.58,11.2,0.036000000000000004,44.0,161.0,0.9977,3.06,0.41,8.9
6.2,0.34,0.3,11.1,0.047,28.0,237.0,0.9981,3.18,0.49,8.7
7.3,0.2,0.26,1.6,0.04,36.0,123.0,0.9923799999999999,3.34,0.44,10.8
6.3,0.29,0.29,3.3,0.037000000000000005,32.0,140.0,0.9895,3.17,0.36,12.8
6.3,0.24,0.22,11.9,0.05,65.0,179.0,0.99659,3.06,0.58,9.3
6.9,0.27,0.49,23.5,0.057,59.0,235.0,1.0024,2.98,0.47,8.6
7.2,0.46,0.65,10.4,0.05,76.0,192.0,0.9976,3.16,0.42,8.7
5.9,0.42,0.36,2.4,0.034,19.0,77.0,0.9918399999999999,3.25,0.48,10.9
6.8,0.34,0.44,6.6,0.052000000000000005,28.0,156.0,0.9955,3.14,0.41,9.6
6.2,0.28,0.27,10.3,0.03,26.0,108.0,0.9938799999999999,3.2,0.36,10.7
5.9,0.22,0.29,4.2,0.037000000000000005,69.0,144.0,0.9921399999999999,3.13,0.74,10.8
7.0,0.47,0.07,1.1,0.035,17.0,151.0,0.991,3.02,0.34,10.5
5.0,0.27,0.4,1.2,0.076,42.0,124.0,0.9920399999999999,3.32,0.47,10.1
6.8,0.22,0.49,0.9,0.052000000000000005,26.0,128.0,0.991,3.25,0.35,11.4
7.1,0.13,0.29,15.5,0.064,56.0,115.5,0.9973700000000001,3.16,0.41,9.7
5.4,0.5,0.13,5.0,0.027999999999999997,12.0,107.0,0.99079,3.48,0.88,13.5
6.1,0.32,0.28,6.6,0.021,29.0,132.0,0.9918799999999999,3.15,0.36,11.45
6.3,0.27,0.49,1.2,0.063,35.0,92.0,0.9911,3.38,0.42,12.2
8.0,0.25,0.26,14.0,0.043,41.0,248.0,0.9986,3.03,0.57,8.7
6.8,0.28,0.37,7.0,0.057,35.0,208.0,0.9973,3.57,0.55,10.2
6.7,0.18,0.24,10.3,0.057,64.0,185.0,0.99519,3.12,0.5,10.6
7.0,0.36,0.14,11.6,0.043,35.0,228.0,0.9977,3.13,0.51,8.9
8.1,0.46,0.31,1.7,0.052000000000000005,50.0,183.0,0.9923,3.03,0.42,11.2
5.8,0.2,0.34,1.0,0.035,40.0,86.0,0.98993,3.5,0.42,11.7
8.6,0.2,0.42,1.5,0.040999999999999995,35.0,125.0,0.9925,3.11,0.49,11.4
5.8,0.3,0.23,1.5,0.034,37.0,121.0,0.9887100000000001,2.96,0.34,12.1
7.0,0.32,0.35,1.5,0.039,24.0,125.0,0.9918,3.17,0.64,12.2
5.9,0.17,0.29,3.1,0.03,32.0,123.0,0.98913,3.41,0.33,13.7
6.4,0.16,0.22,1.4,0.04,41.0,149.0,0.9933,3.49,0.58,10.0
8.3,0.27,0.45,1.3,0.048,8.0,72.0,0.9944,3.08,0.61,10.3
8.0,0.2,0.3,8.1,0.037000000000000005,42.0,130.0,0.99379,3.1,0.67,11.8
7.2,0.24,0.34,1.1,0.045,3.0,64.0,0.9913,3.23,0.51,11.4
5.7,0.4,0.35,5.1,0.026000000000000002,17.0,113.0,0.9905200000000001,3.18,0.67,12.4
6.9,0.19,0.28,3.0,0.054000000000000006,33.0,99.0,0.9924,3.16,0.4,10.8
6.9,0.4,0.3,10.6,0.033,24.0,87.0,0.99265,3.15,0.45,12.8
8.1,0.28,0.4,6.9,0.05,30.0,97.0,0.9951,3.26,0.44,10.1
6.8,0.2,0.36,1.6,0.027999999999999997,7.0,46.0,0.99175,3.21,0.6,10.9
6.3,0.26,0.42,7.1,0.045,62.0,209.0,0.99544,3.2,0.53,9.5
6.5,0.22,0.28,3.7,0.059000000000000004,29.0,151.0,0.99177,3.23,0.41,12.1
5.0,0.255,0.22,2.7,0.043,46.0,153.0,0.9923799999999999,3.75,0.76,11.3
7.1,0.26,0.31,2.2,0.044000000000000004,29.0,128.0,0.9937,3.34,0.64,10.9
6.1,0.26,0.25,2.9,0.047,289.0,440.0,0.9931399999999999,3.44,0.64,10.5
6.4,0.25,0.28,4.9,0.03,29.0,98.0,0.99024,3.09,0.58,12.8
6.2,0.3,0.28,1.6,0.036000000000000004,28.0,106.0,0.988245,3.14,0.41,13.3
5.7,0.37,0.3,1.1,0.028999999999999998,24.0,88.0,0.9888299999999999,3.18,0.39,11.7
9.0,0.26,0.34,6.7,0.028999999999999998,21.0,162.0,0.99497,3.08,0.5,10.6
7.1,0.26,0.34,14.4,0.067,35.0,189.0,0.9986,3.07,0.53,9.1
6.2,0.25,0.44,15.8,0.057,39.0,167.0,0.9980399999999999,3.14,0.51,9.2
6.4,0.34,0.1,1.1,0.048,19.0,84.0,0.9927,3.21,0.38,9.8
6.6,0.34,0.25,4.8,0.038,16.0,121.0,0.99198,3.36,0.71,12.6
7.5,0.16,0.38,12.7,0.043,70.5,163.0,0.9970600000000001,3.15,0.82,10.4
6.8,0.19,0.36,1.9,0.035,30.0,96.0,0.9917,3.15,0.54,10.8
7.0,0.18,0.49,5.3,0.04,34.0,125.0,0.9914,3.24,0.4,12.2
7.2,0.21,0.41,1.3,0.036000000000000004,33.0,85.0,0.992,3.17,0.51,10.4
6.4,0.3,0.33,5.2,0.05,30.0,137.0,0.9930399999999999,3.26,0.58,11.1
6.5,0.28,0.29,2.7,0.038,26.0,107.0,0.9912,3.32,0.41,11.6
7.0,0.16,0.73,1.0,0.138,58.0,150.0,0.9936,3.08,0.3,9.2
5.8,0.3,0.09,6.3,0.042,36.0,138.0,0.99382,3.15,0.48,9.7
7.0,0.25,0.45,2.3,0.045,40.0,118.0,0.99064,3.16,0.48,11.9
7.4,0.19,0.3,12.8,0.053,48.5,229.0,0.9986,3.14,0.49,9.1
6.8,0.22,0.35,5.5,0.043,21.0,114.0,0.9938,3.3,0.53,10.7
6.3,0.255,0.37,1.1,0.04,37.0,114.0,0.9905,3.0,0.39,10.9
6.9,0.38,0.29,13.65,0.048,52.0,189.0,0.99784,3.0,0.6,9.5
7.6,0.27,0.25,13.9,0.05,45.0,199.0,0.9984,3.34,0.5,9.8
6.5,0.19,0.34,1.6,0.028999999999999998,39.0,116.0,0.98954,3.21,0.68,12.5
5.9,0.24,0.3,2.0,0.033,28.0,92.0,0.99225,3.39,0.69,10.9
6.6,0.27,0.25,3.1,0.052000000000000005,41.0,188.0,0.9915,3.24,0.4,11.3
7.0,0.23,0.35,1.4,0.036000000000000004,31.0,113.0,0.9912,3.16,0.48,10.8
6.1,0.16,0.34,6.1,0.034,31.0,114.0,0.99365,3.32,0.58,10.1333333333333
6.3,0.18,0.36,1.2,0.034,26.0,111.0,0.99074,3.16,0.51,11.0
6.4,0.45,0.07,1.1,0.03,10.0,131.0,0.9905,2.97,0.28,10.8
6.3,0.29,0.14,7.05,0.045,50.0,177.0,0.99564,3.23,0.42,9.0
8.0,0.28,0.42,7.1,0.045,41.0,169.0,0.9959,3.17,0.43,10.6
6.7,0.31,0.08,1.3,0.038,58.0,147.0,0.9922,3.18,0.46,10.0
7.2,0.23,0.38,14.3,0.057999999999999996,55.0,194.0,0.9979,3.09,0.44,9.0
7.0,0.31,0.26,7.4,0.069,28.0,160.0,0.9954,3.13,0.46,9.8
6.6,0.34,0.27,6.2,0.059000000000000004,23.0,136.0,0.9957,3.3,0.49,10.1
6.6,0.25,0.31,12.4,0.059000000000000004,52.0,181.0,0.9984,3.51,0.47,9.8
6.9,0.22,0.32,9.3,0.04,22.0,110.0,0.9958,3.34,0.54,10.7
6.8,0.37,0.51,11.8,0.044000000000000004,62.0,163.0,0.9976,3.19,0.44,8.8
7.7,0.28,0.35,15.3,0.055999999999999994,31.0,117.0,0.9998,3.27,0.5,9.6
6.0,0.29,0.41,10.8,0.048,55.0,149.0,0.9937,3.09,0.59,11.0
7.4,0.2,0.28,9.1,0.047,29.0,95.0,0.9953200000000001,3.16,0.47,9.8
6.8,0.22,0.37,15.2,0.051,68.0,178.0,0.99935,3.4,0.85,9.3
6.0,0.21,0.34,2.0,0.042,63.0,123.0,0.9905200000000001,3.44,0.42,11.4
6.2,0.23,0.36,17.2,0.039,37.0,130.0,0.99946,3.23,0.43,8.8
5.7,0.31,0.28,4.1,0.03,22.0,86.0,0.9906200000000001,3.31,0.38,11.7
8.9,0.26,0.33,8.1,0.024,47.0,202.0,0.9955799999999999,3.13,0.46,10.8
6.8,0.19,0.71,17.5,0.042,21.0,114.0,0.99784,2.85,0.5,9.5
8.9,0.13,0.49,1.0,0.027999999999999997,6.0,24.0,0.9926,2.91,0.32,9.9
8.0,0.28,0.3,8.4,0.03,35.0,115.0,0.99192,2.93,0.42,12.3
6.8,0.28,0.36,8.0,0.045,28.0,123.0,0.9928,3.02,0.37,11.4
8.3,0.21,0.41,2.2,0.05,24.0,108.0,0.9940000000000001,2.85,0.45,9.5
8.8,0.23,0.74,3.2,0.042,15.0,126.0,0.9934,3.02,0.51,11.2
6.2,0.47,0.21,1.0,0.044000000000000004,13.0,98.0,0.99345,3.14,0.46,9.2
9.2,0.22,0.4,2.4,0.054000000000000006,18.0,151.0,0.9952,3.04,0.46,9.3
6.8,0.39,0.34,7.4,0.02,38.0,133.0,0.9921200000000001,3.18,0.44,12.0
7.2,0.24,0.27,11.4,0.034,40.0,174.0,0.9977299999999999,3.2,0.44,9.0
6.4,0.31,0.4,6.4,0.039,39.0,191.0,0.99513,3.14,0.52,9.8
6.4,0.43,0.32,1.4,0.048,10.0,67.0,0.992,3.08,0.41,11.4
6.9,0.12,0.36,2.2,0.037000000000000005,18.0,111.0,0.9919,3.41,0.82,11.9
7.0,0.32,0.34,1.3,0.042,20.0,69.0,0.9912,3.31,0.65,12.0
6.4,0.27,0.3,1.6,0.04,19.0,86.0,0.9908899999999999,3.32,0.65,11.5
6.7,0.41,0.27,2.6,0.033,25.0,85.0,0.9908600000000001,3.05,0.34,11.7
5.3,0.36,0.27,6.3,0.027999999999999997,40.0,132.0,0.9918600000000001,3.37,0.4,11.6
5.6,0.295,0.26,1.1,0.035,40.0,102.0,0.99154,3.47,0.56,10.6
7.3,0.25,0.26,7.2,0.048,52.0,207.0,0.99587,3.12,0.37,9.2
7.5,0.41,0.23,14.8,0.054000000000000006,28.0,174.0,0.99898,3.18,0.49,9.7
11.8,0.23,0.38,11.1,0.034,15.0,123.0,0.9997,2.93,0.55,9.7
6.4,0.24,0.23,7.3,0.069,31.0,157.0,0.9962,3.25,0.53,9.1
6.9,0.19,0.33,1.6,0.043,63.0,149.0,0.9925,3.44,0.52,10.8
6.1,0.22,0.4,1.85,0.031,25.0,111.0,0.98966,3.03,0.3,11.8
6.5,0.38,0.53,1.4,0.142,5.0,69.0,0.9926,3.14,0.52,10.1
7.4,0.16,0.3,13.7,0.055999999999999994,33.0,168.0,0.99825,2.9,0.44,8.7
7.2,0.21,0.34,1.1,0.046,25.0,80.0,0.992,3.25,0.4,11.3
7.6,0.29,0.26,6.5,0.042,32.0,160.0,0.9944,3.14,0.47,10.7
7.0,0.21,0.42,5.3,0.037000000000000005,36.0,123.0,0.99321,3.14,0.52,10.9
8.7,0.23,0.32,13.4,0.044000000000000004,35.0,169.0,0.99975,3.12,0.47,8.8
6.9,0.28,0.3,8.3,0.026000000000000002,37.0,113.0,0.99139,2.99,0.38,12.3
8.0,0.25,0.49,9.0,0.044000000000000004,31.0,185.0,0.998,3.34,0.49,10.0
7.6,0.21,0.44,1.9,0.036000000000000004,10.0,119.0,0.9913,3.01,0.7,12.8
5.2,0.5,0.18,2.0,0.036000000000000004,23.0,129.0,0.98949,3.36,0.77,13.4
8.0,0.3,0.36,11.0,0.034,8.0,70.0,0.99354,3.05,0.41,12.2
5.5,0.16,0.31,1.2,0.026000000000000002,31.0,68.0,0.9898,3.33,0.44,11.65
6.9,0.38,0.25,9.8,0.04,28.0,191.0,0.9971,3.28,0.61,9.2
6.9,0.19,0.35,13.5,0.038,49.0,118.0,0.99546,3.0,0.63,10.7
5.8,0.26,0.24,9.2,0.044000000000000004,55.0,152.0,0.9961,3.31,0.38,9.4
6.4,0.15,0.29,1.8,0.044000000000000004,21.0,115.0,0.99166,3.1,0.38,10.2
7.0,0.31,0.39,7.5,0.055,42.0,218.0,0.9965200000000001,3.37,0.54,10.3
5.8,0.32,0.2,2.6,0.027000000000000003,17.0,123.0,0.98936,3.36,0.78,13.9
7.7,0.42,0.38,8.1,0.061,49.0,144.0,0.9966,3.4,0.58,11.0
6.2,0.16,0.32,1.1,0.036000000000000004,74.0,184.0,0.9909600000000001,3.22,0.41,11.0
6.5,0.23,0.36,16.3,0.038,43.0,133.0,0.99924,3.26,0.41,8.8
6.3,0.27,0.23,2.9,0.047,13.0,100.0,0.9936,3.28,0.43,9.8
6.7,0.31,0.3,2.4,0.038,30.0,83.0,0.98867,3.09,0.36,12.8
6.1,0.22,0.5,6.6,0.045,30.0,122.0,0.99415,3.22,0.49,9.9
6.1,0.17,0.28,4.5,0.033,46.0,150.0,0.9933,3.43,0.49,10.9
7.6,0.17,0.36,4.5,0.042,26.0,102.0,0.9942700000000001,3.09,0.47,9.5
6.7,0.3,0.29,2.8,0.025,37.0,107.0,0.99159,3.31,0.63,11.3
7.0,0.35,0.3,6.5,0.027999999999999997,27.0,87.0,0.9936,3.4,0.42,11.4
6.0,0.3,0.44,1.5,0.046,15.0,182.0,0.99455,3.5,0.52,10.4
6.9,0.32,0.27,16.0,0.034,58.0,185.0,0.9993799999999999,3.34,0.6,9.0
8.7,0.23,0.32,13.4,0.044000000000000004,35.0,169.0,0.99975,3.12,0.47,8.8
6.6,0.24,0.38,12.75,0.034,8.0,74.0,0.9938600000000001,3.1,0.57,12.9
7.2,0.115,0.3,6.8,0.055999999999999994,26.0,105.0,0.9954,3.44,0.4,9.6
8.1,0.12,0.49,1.2,0.042,43.0,160.0,0.9934,3.13,0.48,9.7
7.1,0.44,0.62,11.8,0.044000000000000004,52.0,152.0,0.9975,3.12,0.46,8.7
5.8,0.3,0.12,1.6,0.036000000000000004,57.0,163.0,0.99239,3.38,0.59,10.5
8.3,0.27,0.34,10.2,0.048,50.0,118.0,0.99716,3.18,0.51,10.3
6.3,0.32,0.17,17.75,0.06,51.0,190.0,0.99916,3.13,0.48,8.8
6.6,0.39,0.28,9.2,0.036000000000000004,10.0,92.0,0.99206,3.07,0.35,12.1
6.9,0.31,0.34,7.4,0.059000000000000004,36.0,174.0,0.9963,3.46,0.62,11.1
